study_hours,screen_time,number_of_courses,sleep_hours,sleep_quality,stress_level,anxiety_score,depression_score,physical_activity,coping_strategy_score,social_support_score,academic_self_efficacy,mbi_burnout_score
7.69866336711062,3.478218619900349,5,7.029401183666335,4,1,1,1,3.5659534200990413,10,6,8,0.0
6.412115210102724,1.8938379257911178,2,9.088196997420127,4,3,3,1,2.7289308479534267,10,9,6,0.0
4.426094334332262,2.3072736873211643,2,8.552082191633682,1,1,1,1,4.83338976950776,10,9,9,0.0
8.651505894950702,11.010610321267563,3,7.7534861927850205,3,1,1,1,4.4643309402088684,5,10,5,0.0
6.22205984761103,3.894534768507752,2,6.873948519019726,3,1,1,1,4.556692516086194,7,7,7,0.0
2.5869398297852015,8.209529075385873,3,7.750457650013355,3,1,2,1,9.760604681516522,6,10,6,0.0
5.395036062401484,2.4455894229323603,8,6.247197702613664,3,1,1,1,3.5277299190590634,7,7,2,0.0
9.208756220209409,2.6434763347881813,2,9.218148095956593,4,3,1,1,5.046055165709316,8,8,7,0.0
1.035792534989489,4.093920139374612,4,7.805171646628195,3,2,1,1,2.8154838003286753,8,8,7,0.0
2.9660826349790548,5.323207411141667,3,4.129371292170986,3,1,1,2,6.781569566993178,10,7,7,0.0
2.865260766032307,3.527874293522808,2,8.411954046553475,3,1,1,1,4.049501812605721,6,10,10,0.0
4.179414404352026,1.0,4,9.758110685663127,4,2,1,1,4.228566009633299,5,10,9,0.0
2.277156971873609,7.092388075740271,7,7.738546370685376,3,2,1,1,3.435302644640392,8,8,10,0.0
1.346090843387245,10.3449298724523,2,7.930693683003613,4,2,1,1,0.6031301832893334,10,8,7,0.0
1.0564966346227354,3.9032879680035677,2,10.596328772264524,4,1,1,2,1.0198223695484694,5,7,9,0.0
3.2600926954534373,5.962388266698316,4,7.263595182499493,3,1,1,1,4.911772381227837,9,10,10,0.0
5.1552664330641,3.9084621360047676,3,7.689659099336542,3,1,1,1,2.522528132312139,6,10,6,0.0
6.763784970569718,9.808247947258963,4,6.648042619228041,4,1,1,1,13.252119253451227,8,8,9,0.0
3.608001504051068,2.368514675765488,3,10.09224035124878,4,3,1,1,1.6926922586183495,10,10,8,0.0
7.530260681344957,4.732800353298679,4,7.123188660280147,3,2,2,2,13.237730019247715,5,8,9,0.0
2.1634075411741898,3.617975320075028,7,8.01304124473476,3,1,1,1,6.0099471580891,10,10,7,0.0
2.6573726035589855,2.574560932414714,3,7.446667509350143,4,2,1,1,4.539802379476299,5,10,8,0.0
5.0522656740601635,16.0,6,7.296698560722258,3,2,2,1,3.272160760051721,8,5,8,0.0
4.276284379018991,4.5638564411851155,3,6.813313549863535,4,1,1,1,2.4861714897924663,3,10,10,0.01
1.666698701746853,1.0,3,7.360122270387295,3,2,2,2,5.548144427256355,9,9,6,0.03
3.711391638655249,8.712783556036838,4,8.129324340622043,1,1,1,2,4.763791998925021,2,10,8,0.06
6.794691166534055,5.179973707318698,3,8.812440787710479,4,1,1,2,6.620465919970056,4,10,8,0.14
1.0570940442707486,2.2733735898602987,3,8.16755497790448,3,1,1,1,7.024522812836831,9,10,7,0.15
4.415457698685479,9.069933172718853,2,5.247999995368701,4,1,1,1,2.4913474336810957,7,8,10,0.21
6.794789103339842,1.172334190352436,5,6.924215682149677,2,2,1,1,4.267114975758695,9,8,6,0.53
5.1656555353122755,2.378330886028642,2,7.37458155960038,3,1,1,1,2.3878806155673695,5,6,8,0.55
3.5165931487280666,1.6207154455218944,3,8.057289242153848,3,3,2,1,3.0569212862839987,10,7,9,0.57
4.211047627281644,6.59576490678379,2,8.187945793215,4,2,3,3,8.318409371081541,9,3,9,0.57
4.230061786228458,7.778947163918599,3,8.053500157453717,2,2,1,1,10.885969252814537,6,8,9,0.57
6.4352073083365555,5.280220219335316,6,8.239778510954352,3,2,1,1,1.855770570212437,10,8,3,0.64
1.8621442146035172,4.634628782090749,2,8.215261481416114,4,4,2,1,13.654792127482581,10,7,2,0.7
1.8655436218956263,1.0659927512624667,6,9.103389692649554,3,2,1,1,0.9251964160720149,1,8,3,0.85
3.6424556391812155,2.3618826756456484,2,8.539178711180487,3,1,1,1,0.9161953293386197,8,7,8,0.87
1.4852940158222794,2.132693137296032,3,4.492658174328733,4,2,1,1,7.351083810897941,4,10,10,0.91
6.8604421637426904,4.311465443417582,2,8.387938718350826,2,1,1,1,1.8510887825593874,10,5,10,0.95
3.7512828023761178,7.966913856450305,3,7.069606487027774,2,3,1,1,6.80839860865766,9,10,6,0.97
1.6264613327593092,6.094812889036966,5,6.817989444831475,4,2,1,1,3.6539851825717946,4,7,7,0.98
7.553133659284549,12.328661239625978,4,6.706159686154126,4,1,1,1,9.665019546049495,1,10,9,1.15
9.231759064950715,2.338061859832183,4,7.8429263627859,1,1,1,1,3.749899748342659,8,8,7,1.17
6.621125423631854,2.0597525504590237,3,9.003246207708301,4,1,1,1,1.4940828501844248,6,10,8,1.17
5.557678493280804,4.4217420883584,5,9.07439357283409,2,1,3,2,5.972222868521883,7,7,10,1.22
3.336570072239379,13.560663315501227,5,7.8428794816385485,3,1,1,1,3.7241765544617156,10,10,9,1.25
6.130739379138243,5.301868865033689,4,5.6269358658894415,4,3,2,2,1.495681654450848,9,7,7,1.27
9.205144268956017,1.7191497460336593,6,6.367332318008759,3,1,2,1,7.008526584264804,9,10,8,1.28
7.061415299494624,2.6386748014418595,3,5.692109775125087,3,1,1,1,3.594699339084229,9,5,10,1.28
0.623824240922118,16.0,4,8.404437534392219,2,1,1,1,6.383822317670527,8,4,10,1.32
4.221012517439058,6.877613898461556,6,7.828268860640806,3,4,5,1,5.02278914325301,10,8,9,1.36
6.093002913185092,3.713848781142262,8,6.715314536379356,2,2,2,1,8.41363597803408,10,9,9,1.38
3.7390571854912604,3.4044442761965747,7,7.964530636935455,2,1,1,1,2.870256273832116,7,9,7,1.43
5.27801036670647,3.241625735163355,6,7.741766122727799,4,1,2,1,4.466776221817822,7,3,7,1.46
2.6586779742996542,3.075850142977604,5,8.018518021305882,2,1,3,1,7.556125630331095,6,8,8,1.48
3.7147839446267157,6.249395452766465,2,5.777839461197537,2,1,1,1,5.143658925570687,5,8,9,1.49
11.321373141134242,3.011308178156169,3,7.210389490093296,1,1,1,1,2.8953590485119425,10,6,7,1.51
2.216210953794868,13.138238056907996,6,7.183930242235767,3,3,3,1,2.350819020670744,7,10,10,1.54
6.472588974619526,3.4356562581195638,5,6.738625543869404,3,3,1,3,13.008609835395475,7,10,7,1.55
3.7930944871267807,5.611560489137803,6,8.324618622536647,3,1,1,1,1.7008487234339416,7,6,9,1.68
6.760907780423286,6.577981683970742,5,8.831430124285184,4,1,1,1,3.2744374513907184,8,8,4,1.72
2.2226549412682806,1.0,4,7.49919713477832,4,1,3,1,2.3964281450748586,3,10,8,1.75
8.540262186003279,9.065952495493551,2,8.709427878158955,4,1,1,1,3.784513569910202,6,10,7,1.89
1.883418069718472,6.896610716694163,5,10.832106091587141,1,1,1,1,2.768911094170326,10,9,10,1.9
3.3534542022817218,3.480371899687964,5,8.015224296950828,2,1,1,1,5.951703826951362,7,10,4,1.94
4.890490781555005,1.0,3,8.223168408156338,2,2,4,1,3.5146996251004126,8,6,6,1.98
5.725230491757761,2.305052821632364,4,8.797326734378883,4,3,1,3,1.1954245319040306,6,10,9,1.98
5.942501635820568,11.387153606137058,5,6.44860998260935,3,1,1,1,15.07854902024744,10,7,7,2.05
6.158436544726163,10.919585109756426,4,7.802753430556165,3,2,1,1,6.389330230308581,8,5,7,2.07
0.717658729624655,8.608164321746672,6,10.442181630225106,2,2,1,1,3.82265858452332,6,4,5,2.09
9.663760331903639,2.0981928358641095,8,8.137004072680456,3,2,1,1,6.874738134330821,8,5,3,2.1
5.543613490987324,6.376865076630826,5,7.948127042615883,4,1,1,1,0.5961879926428921,3,9,10,2.1
5.365477905196632,8.993986396837023,2,7.966717928099503,4,1,2,1,14.803524881006775,5,2,6,2.14
1.5467684312591472,1.0,4,6.677666341308621,3,2,1,1,1.745226828846916,5,10,10,2.16
10.997341575877003,5.719191761875953,7,5.304781918371412,3,1,1,1,1.8804601463166235,10,10,9,2.28
7.215017661431348,3.495966050126909,5,7.271021402033016,3,3,3,1,1.4282116445606148,10,10,6,2.28
7.567478692347835,9.539870170152879,3,10.13482521065311,4,1,1,1,7.823651981879822,8,9,7,2.3
4.75553930069368,7.901664933035563,3,7.026114611806354,1,2,2,1,3.0557455288466007,10,10,10,2.32
4.974414462153844,5.838754669729505,7,6.7634608547614,3,2,1,1,3.0003722193515068,8,5,10,2.34
5.357670240835857,4.3766298026914505,5,8.201206981772543,3,4,1,2,7.649791300994054,9,8,7,2.37
4.630101385408139,2.4973507579549743,4,6.083806910004654,2,1,1,1,6.059960294827511,5,8,4,2.4
4.050456012334659,16.0,2,7.460725907030002,4,3,1,1,1.9153040442504519,5,10,4,2.43
2.4048122292321983,4.181475077200947,2,9.163036990491392,4,4,2,1,1.5811821661736802,8,7,5,2.44
3.111415056865237,1.0,3,8.57780977603934,3,4,3,1,8.533910606094516,9,6,4,2.46
6.361546260743347,2.0176304907275364,5,6.287128467202087,4,1,1,1,9.074500730856924,4,5,10,2.49
9.703777610691127,12.980522551164277,7,7.138429244032613,1,1,1,1,4.926913287688786,7,7,10,2.5
8.907762180301596,3.84548275679865,6,5.413898694683853,3,2,1,1,5.000143825175597,6,8,8,2.6
3.66924294719086,11.158294221611978,2,7.2298256982550715,3,2,1,3,3.7500158141136817,8,6,9,2.61
1.0339628192123942,10.573181500167774,4,8.587590951130007,2,1,1,1,9.459486870529707,4,9,9,2.68
9.91347706241944,5.713371708521406,3,8.876077164175234,3,3,1,2,1.5906249202568348,10,8,8,2.69
1.8440382935140793,3.8480037296770258,5,4.769672185191818,4,2,1,1,14.6945081596849,8,5,8,2.7
10.00895587153934,5.250160941119527,5,8.006822846404313,3,1,1,1,3.5157130524234437,9,4,10,2.72
11.586520284914076,4.397410121640879,2,6.5767079095612635,4,3,1,1,12.820356263175109,10,9,8,2.72
3.4020778083599854,10.805386339963238,5,8.548621904899083,3,2,1,1,3.6316060674311266,5,7,10,2.79
2.1015158249205386,8.714783819118075,5,7.914483754175132,3,2,1,1,3.6164701168728506,5,7,9,2.85
5.343059622006654,9.828072545648958,2,7.385586064042997,1,4,1,1,6.399606812973659,7,6,3,2.86
9.57481097720244,9.532806341125603,3,6.918271154219233,4,2,3,1,14.11938349605729,6,10,8,2.86
4.332246928068862,7.2293798761859005,2,8.203761963353925,3,2,1,1,1.8457151142248165,1,7,10,2.87
3.3813656011027167,4.502270859535267,8,10.222850321844756,1,1,1,1,18.218302883003375,9,2,9,2.89
4.901304301639032,13.086400801198382,3,10.196881332898464,2,1,1,1,2.629238073670384,9,4,5,2.93
7.4771324348414865,2.8198152023717444,3,6.631979592366535,3,1,1,1,6.5356607170124805,7,7,8,2.95
7.667749725289305,1.0722349184278506,2,6.933789573926156,2,4,1,3,5.0882945875912355,7,8,9,2.96
13.922603661879403,7.954540005383022,8,7.632504308146109,3,1,1,1,4.502284944475027,10,10,8,2.98
6.537482042379914,5.805475295053127,8,7.2974360087439125,2,2,5,1,6.89625917655012,9,6,7,3.0
7.072169633529997,7.355856548001906,5,7.189617305393753,3,2,2,1,4.46192680333642,10,10,9,3.0
6.09031732853699,6.217707441862296,3,5.819910029059629,3,1,1,1,7.507421194821779,4,9,9,3.02
2.1573462976982856,3.9738991009055313,3,7.849755507267898,2,1,3,1,2.2376317859643824,10,9,9,3.07
14.835167373965092,7.432685008419339,7,8.931289269638198,3,3,1,1,4.327534661613581,7,7,4,3.09
3.2140177626468853,1.8805800470551792,8,6.527559982756479,4,1,1,1,3.5828068683439853,4,7,8,3.09
2.5734176112171196,2.8697117599911026,2,10.581952060690039,1,3,1,6,12.41365354151901,5,7,6,3.16
8.453803500581971,5.565361225156039,4,7.44074515197479,2,1,1,1,6.243009495324364,10,6,7,3.17
6.746180495808262,3.0479988323618947,3,9.824890371432872,3,2,1,1,7.217461006707069,10,8,2,3.22
6.6078839185997404,12.588478796872458,6,6.781545365708443,2,1,1,1,2.522510766239497,10,5,5,3.24
2.2577236923582267,3.933144848948747,2,6.49820612396571,3,3,4,2,9.272453327097995,9,7,10,3.28
4.929970227167004,5.311872563512459,2,7.847015269221688,4,1,1,2,1.860757776630202,8,6,10,3.33
6.969394412249665,7.495400864416153,2,7.562680952024919,1,1,1,1,7.155913323339598,6,5,7,3.37
5.29536886427422,5.176397672166715,3,5.6548233943829,3,2,1,2,11.920625495971489,6,5,4,3.38
5.16175868135687,6.254188887822045,4,10.452206320473556,3,3,1,4,3.654416202852877,8,9,7,3.39
7.009013181003281,5.403189769163511,7,7.700667024373322,3,3,1,1,1.783274688737349,6,6,6,3.4
5.692362798804478,3.2940762375661987,5,4.1585111536479955,3,1,1,1,0.9996964198163018,3,5,7,3.4
11.25483280829242,16.0,4,6.010026936731062,3,1,1,1,1.933879252399946,6,3,6,3.4
5.590381575202018,11.16319771777614,4,7.606580938624436,2,2,2,1,6.5316920462812345,9,8,6,3.43
7.4570423100783305,3.087099517073544,8,5.329888503390435,2,1,1,1,13.03507528057405,7,10,9,3.46
4.572043513341452,4.621087539319866,7,8.313264581636606,2,1,1,1,2.80059933033656,5,7,3,3.5
3.219984657595834,5.884215239952351,4,8.780768603530705,4,2,1,1,3.826643091699171,8,6,6,3.53
2.696692296470946,3.5697674633302485,6,6.5912940983696995,2,1,1,1,5.599761411023897,8,9,6,3.59
4.398984202218508,11.646697466302086,7,8.566859572743738,2,3,2,1,7.59685389400832,7,5,6,3.63
8.345405925047807,8.025971040585477,4,6.1109420792674545,2,2,2,1,5.950065448758915,7,8,5,3.64
2.558899906317982,3.7676298596339097,2,5.080920136647019,2,2,1,1,1.859928998581142,7,4,10,3.72
3.4329782257574415,2.0341640886058845,5,10.505212889804692,3,2,1,2,1.1097026365000802,4,7,8,3.78
4.76342775596089,16.0,3,6.942025129058129,4,2,2,1,13.105069704511637,7,5,3,3.78
7.153289355532985,2.7469996328388984,6,6.506366890793543,1,1,1,1,0.8978335316872642,10,5,10,3.81
4.824600210484988,2.5477314571871923,6,6.233055621701786,3,3,1,2,4.339821016731786,8,10,6,3.82
5.446857254741349,3.5515387413535637,3,5.650560234682853,3,1,4,1,5.700865752841744,9,8,4,3.82
7.509451180716985,6.365187174989558,6,7.735062213608587,2,2,1,1,2.0556476521348177,5,4,10,3.82
4.28208198394012,12.176266713474458,4,7.956692593956172,3,1,1,1,4.561599541480931,7,5,7,3.83
5.223131289495255,10.497328764608724,2,6.761184088047044,3,3,1,2,4.534984884385211,7,10,8,3.84
11.730497420187199,8.30913132409978,2,7.613973118582509,3,1,1,4,7.189482226848947,3,8,5,3.85
2.259597012910534,16.0,5,8.08501931462214,3,1,2,1,4.6640199347765465,10,4,7,3.86
4.540385218295081,6.057274215510683,3,7.050349579300967,4,2,1,3,3.764912191397778,10,7,8,3.88
7.974155610337675,3.014830110357292,2,7.54211467777754,1,1,1,1,3.0538324558362615,8,9,9,3.9
10.070938092540613,6.310572900278013,5,6.649791927892225,4,3,1,2,6.366633412979664,6,7,6,3.9
5.973368366335742,4.897976209761941,6,4.008465818109398,1,3,1,1,2.7785868624243677,9,10,9,3.91
2.165201589843115,3.7952443315844158,7,5.458054840364844,2,1,1,2,2.272813979104458,10,7,6,3.92
4.147580431260006,5.781484880204305,7,7.658208021914054,3,2,1,1,1.6882292707756146,7,10,10,3.93
4.376309199991245,11.900179158463015,4,8.600016211308326,4,1,1,1,5.333538101700537,3,10,8,3.93
4.548894093484934,5.930973325192838,6,6.324323909291544,3,1,1,1,4.515172938640405,6,6,9,3.97
3.3935430553628625,3.214341381144836,7,6.55157170144864,3,1,5,1,14.401587857841026,7,10,9,3.98
4.776775793937636,13.387377378913474,6,8.476021400957379,4,1,1,1,3.821513030434554,10,6,9,3.99
9.461034338914285,3.2138974476897757,5,7.644419161250529,2,1,1,1,5.947045178349373,1,8,7,3.99
6.036861479684953,7.841392277449197,3,7.040697657867566,4,1,1,1,14.432474763978767,4,6,4,4.01
2.897840370294814,7.15407690826594,2,7.961934654461135,2,1,1,1,5.614511738569564,7,8,8,4.02
3.0397420090666287,4.4494115940938075,6,6.020140894778235,4,3,5,1,4.950331588774562,10,9,9,4.02
11.078789170257284,2.892693665564963,3,7.218313955633543,3,2,1,3,5.253616441030969,8,8,8,4.04
2.5054012583504113,5.530010061428239,7,5.929915965423337,4,1,1,1,6.634176549709276,6,10,10,4.04
2.174066476579864,4.6306974378674495,7,7.568468149234814,1,1,1,1,3.851640649961955,4,6,9,4.1
6.931524685370037,8.4313265142296,2,8.480182073644887,2,2,2,2,13.273365672140143,9,7,9,4.11
5.139171515613481,4.634396266787006,6,8.582695239723925,4,2,2,1,9.038978559594977,6,7,9,4.14
5.7397514362627025,6.821701224388982,3,7.9583284750141585,4,2,1,1,4.550164972627159,5,4,8,4.15
2.9485677104785677,7.595336153607491,7,4.473732824807808,3,2,1,2,5.217180535348728,10,10,8,4.17
6.953527544945064,6.941644457821418,6,5.817581340909217,1,1,1,1,2.2122907962340794,7,3,9,4.18
4.625346510236332,4.529966454648384,4,6.433441598216689,3,1,1,3,5.980071467868272,8,5,10,4.18
4.68114593139531,6.816958171570927,6,7.582847242857361,1,3,1,1,3.9652830581115217,8,5,6,4.18
5.463461794290673,5.915343378968667,5,8.853685764298051,3,1,1,1,1.0489548521548755,7,10,7,4.21
5.0246297339123345,5.781963766569751,8,6.433973893828939,2,1,1,1,2.183395691528099,5,7,7,4.22
8.091671285946514,4.729148444024428,7,6.472331171194849,2,1,1,1,7.430791778447199,7,7,4,4.23
7.690486039131123,2.9760537780609715,2,5.394066426365178,3,1,1,1,6.726207188807451,6,7,7,4.23
1.823412947064113,3.679403918865438,6,6.671040517810335,3,3,1,1,6.509130294405898,4,10,4,4.25
3.678753022677894,4.223020257774953,8,11.013519099200652,3,3,2,1,2.7253972239641553,6,10,5,4.27
11.661620051736552,1.018692487404194,5,6.052240987121594,4,1,1,2,3.984882407205891,5,10,4,4.3
3.8094398416208404,2.820514771606857,6,8.730985488754335,2,4,1,2,4.86546232156404,7,5,4,4.37
2.6250341330767837,5.8027824330838715,4,6.040254098923661,4,2,1,1,5.613458937466115,3,7,9,4.41
9.085061495431363,2.5354735404114734,3,8.836203830221084,3,1,1,1,4.7743054684670705,10,6,4,4.47
4.3286805533928,11.448653477874037,3,8.012447419823538,1,1,1,1,10.25068314777072,4,8,10,4.48
2.0828047615852094,2.4225769000170922,6,5.556903187554266,4,2,1,1,7.112642650514364,5,9,5,4.51
3.9196488332861152,8.87666943758373,8,6.426940988391006,3,2,1,1,4.523963996857215,4,8,7,4.53
4.016048684218727,4.8700529173282945,3,7.330916283317107,3,1,1,1,1.6114217370704165,5,6,7,4.54
5.607311322443697,10.8766205030377,7,7.38317240385984,3,3,2,2,5.27603115426292,10,7,8,4.58
8.911068528082842,5.604445062411436,6,5.734136553373512,4,1,1,1,5.227595147985042,8,9,5,4.58
1.5138263167886639,8.681973203710639,6,6.04428875474729,2,1,1,1,7.577556310393193,6,10,10,4.61
3.380090878091311,6.860919100509879,2,8.360279815511266,2,3,2,1,12.321332147741032,7,3,4,4.61
4.661284693210893,1.4461660342924332,2,6.474116260278121,1,2,1,2,7.182598864063988,8,7,8,4.63
2.23270628126236,3.2848601470703858,6,7.769859486129491,3,2,2,2,6.022844964053764,10,10,7,4.65
4.157840025039741,4.344183985588765,5,6.434529359881087,4,3,1,1,4.817540149963783,5,10,5,4.66
5.259711966270299,8.458289219030092,3,7.45880171068562,4,1,1,3,2.2695975154551573,6,5,9,4.66
6.34236992556859,3.1513810330889758,7,9.777020753228324,4,3,1,1,3.1369653600469825,8,6,3,4.69
13.735543755236655,9.945762284844244,5,8.415988778812975,4,3,1,1,0.6427712634094308,8,6,9,4.7
6.1024919598729905,4.476952572697924,2,8.067749437270347,3,1,1,1,14.412792940545106,3,10,8,4.7
1.8286788001899166,7.096573921572682,3,7.238001925029469,2,4,1,2,5.043972168262991,6,8,6,4.73
6.004446220217115,7.819298267119603,7,10.26779015451607,3,1,1,1,4.617013524721713,10,8,7,4.73
2.2763662001832827,10.062218480721528,2,6.99916783520622,3,1,1,1,3.6734886498561794,10,9,4,4.79
7.155121620865971,5.509160841240462,7,6.357500785749971,3,2,1,1,2.790556829044167,5,10,8,4.79
1.5546408192313472,2.9401852331886245,8,6.549906749499886,2,2,1,2,5.620288675862855,10,5,9,4.81
1.1233005582698299,5.450773259396828,8,4.2706263258750194,2,1,2,3,11.495166816687666,5,8,6,4.82
2.165300072264576,5.64548718313713,5,5.5930970656920085,4,1,2,1,7.62924229973148,8,6,9,4.84
7.2664259938246385,12.553205244006998,8,6.328320979116151,4,1,1,1,2.263851641039466,10,8,9,4.9
5.564085439987867,6.113207868478533,4,6.047399890305349,1,1,1,1,9.203421648203959,7,3,5,4.9
3.914717941598916,16.0,2,6.960155305516366,3,1,1,1,10.156113814836104,7,1,6,4.93
1.0490686702191905,2.553982994087845,4,7.671602262047486,3,4,4,2,8.064708958877631,7,6,6,4.98
1.0647381303934211,8.943346430559485,6,5.427292720541342,4,1,1,3,5.847018054114749,10,9,10,4.99
6.540132955089474,6.306485803907245,6,7.119218764230445,3,2,3,2,14.887828035342414,5,9,8,5.0
10.692155681320429,8.41949653950796,6,5.090777269455501,4,2,1,1,1.9613396350052446,7,5,10,5.05
5.211069451794653,4.864231327431183,7,4.482705935292612,3,3,1,1,1.4584292234894385,5,7,8,5.06
8.234233944527704,5.000984031387911,2,5.739086270798596,3,2,1,1,16.8268323717304,10,5,9,5.09
10.413256826299495,2.549061421561362,2,8.631833785691535,2,1,1,1,5.5553147214819685,9,5,3,5.1
7.0673217538226805,8.043156831055745,5,3.0,2,1,1,1,7.9056790152108825,9,8,7,5.13
5.371720775861025,9.556224144787283,2,7.458063040041818,2,1,1,1,2.2164665997490474,8,7,4,5.13
2.118774868352532,3.8199081617080957,3,7.152052674198619,3,6,1,2,2.4203431990802513,8,3,6,5.16
8.188627349709785,1.452145337872905,6,4.891754113751707,1,1,1,1,18.353548961449956,8,5,6,5.16
1.9175721829777772,4.571804263048022,3,5.037581928143995,1,1,1,1,11.089265481069896,10,5,2,5.18
10.592298329953525,6.376470203673311,2,9.465627329790399,3,3,3,1,3.5792358078965427,5,9,10,5.18
11.480914320413072,1.9474387808887634,4,6.512288572300386,4,4,1,1,6.017152756001187,8,6,2,5.2
5.699077038851884,15.552327833437602,3,8.516851251493382,2,1,2,1,3.3722992081175227,5,9,10,5.21
8.14344012101438,5.968583382860344,3,8.464572575539528,3,3,3,3,5.1649482284710535,6,7,8,5.22
9.026696420239242,3.558102545282227,7,8.20029549586151,3,2,1,4,8.245431888390103,10,8,7,5.22
9.933307423092657,1.0,5,7.138735133207459,1,1,1,2,2.440189232024622,7,6,8,5.23
10.123219380125395,3.8147679816829334,6,7.650402247143912,3,2,1,1,6.170873513672935,6,10,8,5.27
9.072432367673741,8.255931885938063,6,6.535392375889356,4,1,1,1,3.150919959030713,7,10,7,5.27
4.809113869859492,4.0320244950879305,8,8.394919902352758,1,2,1,4,2.2370282459148196,8,9,10,5.3
6.300089322442578,6.175337302281795,3,9.207424944811965,4,4,2,1,9.82654354800727,6,5,10,5.31
13.224869244660022,5.7852361516656,6,9.212004919562823,3,2,1,1,1.0973367876698716,8,5,7,5.39
3.5179142003447543,3.8736013273862917,3,8.465937267781783,4,3,1,3,6.604124841839761,5,3,5,5.4
4.839763044422671,12.130805733503893,3,8.035974910004962,3,3,1,1,10.68181274423666,7,5,8,5.41
4.910296151334169,9.261376104380549,5,6.755976416762822,3,1,1,1,3.4013759102078702,7,10,6,5.43
1.7998437813723291,12.322725301786438,2,4.93213114936071,4,3,1,2,4.6937556860663765,10,10,10,5.43
3.0646921676078396,3.3858756278888,8,9.340690655430073,2,2,3,2,0.006994384759796757,6,8,7,5.46
3.6606167777660485,9.876348689078753,3,6.9826716722196895,4,4,4,1,1.0930826975319299,9,7,10,5.48
2.912324690685259,4.302984014374298,7,5.986016924159903,2,1,1,3,8.226498941368042,6,10,7,5.51
3.5728869813441033,4.728822761681793,2,8.187463103711684,2,2,1,1,6.825286566940173,2,7,8,5.53
1.0183731438829855,7.002614840134449,8,7.956178744240056,4,3,1,1,2.419015908294171,5,6,10,5.57
3.240048169334224,6.201277874049095,6,9.528247359245864,2,3,2,2,1.4805445268023716,6,10,4,5.58
3.286192984094687,3.6736308441990118,4,9.210143793705726,3,3,1,1,4.406474796471196,9,10,7,5.59
11.724835159909773,3.3564933282465876,6,9.496647747208787,3,3,3,1,6.863000375255313,8,7,6,5.61
3.1202159766563917,1.2773399242240293,4,4.854604095325657,2,4,2,1,1.7767052432841441,5,3,9,5.63
10.496008343307343,12.931239025565851,7,7.05858393411804,4,2,2,1,0.8755589658608751,10,9,6,5.64
5.888930083325425,1.2744021040838558,3,4.7541569951206935,3,2,1,1,1.9360483445694248,3,8,8,5.65
6.041628086193229,4.802379588702078,2,7.003434683826629,2,3,1,7,2.2462694552027305,7,7,6,5.66
3.973644407752402,4.8991989154156155,4,5.859612270644542,3,2,2,1,3.560153699903331,10,10,3,5.67
0.6086073691949678,4.606175716970689,8,10.045428934167386,1,2,1,2,1.471281853937661,4,6,7,5.69
3.6291953780692308,6.099615941937849,4,7.5689957582207255,2,2,1,1,2.1662615221906543,8,4,7,5.69
7.587628975904641,7.999584667665624,3,8.107573128933382,1,2,1,1,6.28718834483305,9,9,5,5.72
7.846175979204806,5.20879280946669,4,8.586295000156872,4,5,6,1,5.907656006169064,5,4,7,5.73
1.4813262479938247,5.5836294348900575,7,7.889226943221015,1,1,1,2,7.287101575479413,9,6,4,5.76
8.06192710818175,3.9680264491637764,6,5.906305833407226,3,1,1,1,0.7967070994914079,6,6,7,5.8
8.06022881954874,8.02204863657591,3,7.538450271788645,3,1,3,2,5.984060158352013,1,10,6,5.84
3.8910817666156383,4.500030880504414,3,8.31641199645273,3,2,1,1,1.7015615522145655,9,5,9,5.86
7.426502859681273,14.244611881809625,5,6.259815694576382,3,2,1,1,7.734298709420103,4,10,7,5.87
5.442687490168213,2.138550184356716,6,8.304704750794569,2,2,4,3,2.5587543613623507,8,7,8,5.88
2.7978981917568193,9.560921729110063,5,8.852361458687819,3,4,3,3,6.26031573293642,8,8,5,5.88
4.030901913981669,6.598492090322595,3,4.391442726337777,3,2,1,1,3.265317371399326,4,7,9,5.9
8.712720838197999,3.196162125016268,5,6.9341476432625235,3,2,3,2,0.7512801382651147,6,6,5,5.91
4.375188577424445,11.343091551669433,4,5.7160257714750315,3,1,2,1,5.982309397612036,8,5,9,5.95
8.4400032976967,3.2051472821283293,5,6.488529299276907,4,6,2,2,2.815422584993809,4,10,9,5.96
8.713080927627013,13.151334443595017,4,4.927906514360898,2,2,1,1,7.066881779897069,9,7,9,5.98
6.412521686063571,3.4040974211751367,2,8.0248014308493,4,2,1,1,5.348609220546127,8,2,7,5.99
2.3597164546850538,2.2537423878430545,6,8.501894853167391,4,2,4,1,7.100934341608732,5,9,6,6.01
1.652460559255073,9.559640412713806,6,8.913083535157202,1,5,1,1,7.9271909363179525,6,8,9,6.02
5.714333132317284,4.028923728496924,3,8.783554235619889,3,3,2,2,5.369492533888085,9,8,7,6.03
1.5479694979253904,4.024924379036223,6,6.553220914923447,2,2,1,1,1.80529434464269,10,2,8,6.04
2.722539792958332,4.060587928572909,8,7.6087596023129205,2,2,1,1,7.861442906483515,8,6,6,6.05
5.850607626801114,12.021204919191517,8,4.913323384170155,2,1,2,3,5.2879189328799105,6,9,7,6.05
3.028910914909082,10.966605804267145,6,9.483671687404144,4,2,2,3,4.392479961538366,5,9,10,6.06
9.511946908405879,4.592344725668825,8,5.480358113055257,3,2,1,1,4.701099766576529,7,8,4,6.1
6.525176718523814,4.408158631246443,5,3.5911655555772395,3,4,1,1,1.9747571788867113,6,8,8,6.14
10.016609291355511,4.962957127096742,6,7.57525962733868,3,1,1,1,1.7801171225806818,10,8,10,6.15
6.928846143332919,1.748414188843409,3,8.365249750608365,3,3,1,1,4.026650203397344,8,8,7,6.2
3.2248487942751423,13.439733220606737,8,8.523258471180839,3,1,1,1,0.6456255632891127,10,7,5,6.2
14.258618246483497,5.38397957336173,2,8.38775948593245,3,4,2,1,3.979718300082694,6,8,8,6.21
1.7046408697285602,2.0741184147941523,3,8.451754206443772,1,5,2,1,4.680714624990412,5,10,4,6.22
6.843002753591483,2.460197763290163,6,6.1693666852220606,3,4,3,1,6.3109472839422525,8,5,10,6.25
2.2058450066450908,5.089606252470266,6,6.528331262591512,3,3,1,2,8.117298802733927,10,8,5,6.26
6.3897006230158135,6.292630403023976,2,6.406385455374731,4,1,1,1,6.614029918454392,9,5,7,6.26
3.705145926968412,2.128402268040117,5,10.277838833674688,4,3,1,1,2.347396557027438,6,7,5,6.27
4.327565144810039,4.339527360853734,2,7.678995108043644,3,5,6,5,3.089635424932268,10,7,8,6.3
4.573020010123367,5.783157343591753,5,9.10498408587625,3,2,1,4,3.310134437995116,6,6,8,6.31
2.820769498631695,8.609569506591129,4,6.628996130287236,4,3,1,2,7.998339818989171,5,7,7,6.32
8.05848359128764,4.5292366631016545,8,6.7845893538664965,3,1,1,1,6.686670523516203,5,5,6,6.35
9.598453743074206,6.891014944340583,2,5.388290062896351,4,2,2,1,1.9613064766126378,6,6,5,6.37
9.46421107025713,3.5300106957428183,5,8.494368751295832,2,4,2,2,9.81551111429909,5,10,7,6.39
3.445002155385665,1.6580380045106757,2,10.137539937663899,2,6,4,1,0.7929579255673872,7,5,2,6.42
16.0,5.619217451979548,6,8.647511599213082,1,2,1,1,10.7422929979638,7,10,4,6.43
3.122011047236759,7.051332234426544,4,7.312496449771438,3,3,2,1,0.4984311602807645,10,8,5,6.48
1.370956871629056,5.082406457226407,3,8.19585976833088,3,5,3,3,6.8937557407868955,10,9,6,6.49
3.0589994991950378,5.045604576685933,3,6.744383139169845,4,1,2,5,1.3789677767387152,6,3,10,6.53
5.301126169514969,4.324074484835086,6,7.619570825627262,3,3,1,1,6.148516112708659,6,5,8,6.53
5.623916333088157,3.0646569871385667,4,6.227592093423268,2,4,1,1,1.2255740597366271,7,7,10,6.54
7.697696691552204,2.2587160024334176,3,6.804561283701218,3,2,3,1,4.150348984062045,10,5,10,6.54
4.007014725283953,14.380722807821533,7,7.827056402548011,3,3,1,1,3.3961435479468234,8,6,9,6.56
7.570755663728431,4.410353050248353,4,9.11592039786893,4,4,3,1,3.361893056780747,10,10,8,6.57
3.0870446152370024,10.815577285930464,4,5.51637037452231,4,2,1,1,1.6244799886590824,10,8,5,6.6
5.503287080543757,1.1587899714545853,2,6.905556732230354,3,6,4,1,6.941271915739862,4,5,7,6.61
6.735176761752947,5.714688034675346,7,6.651171203536829,3,1,1,1,7.033572637691046,8,3,7,6.62
1.285050292031985,9.139935144302987,6,9.267705649688569,3,2,1,2,1.2418689911764402,9,6,8,6.62
5.741863897588491,11.051037944211707,6,7.828219116459008,4,3,3,4,1.0482779300989582,10,6,6,6.63
2.2262054113772587,13.535009041370996,4,6.203499620648738,3,3,2,1,4.503756537528808,6,3,6,6.64
4.0440845032881665,10.96391244698657,6,7.127113518509351,4,2,1,1,6.514610703311336,8,6,8,6.64
3.9042461093509577,10.618964332614631,5,5.676484665392238,3,2,1,1,9.514904767954803,9,8,6,6.64
4.57622257810425,3.935940547775183,2,7.203639740400735,4,2,3,1,1.9147102367004356,6,6,3,6.65
2.9901808398380263,3.0525163550136805,7,6.677535881805693,2,1,1,3,4.015624491338574,9,7,9,6.66
16.0,2.965221666601756,2,5.697501234784369,3,1,1,1,7.265658640342086,6,8,10,6.67
0.5943126769338838,2.4995112007808387,8,5.382659732514164,4,1,1,1,5.334098786048054,9,5,7,6.71
4.753646013788999,12.73716775054422,6,7.475387113335321,2,3,1,1,7.86506271171036,7,6,8,6.72
7.363244964806786,3.1705282353821147,3,10.30697571364243,2,4,5,1,6.207196787071101,10,9,8,6.72
5.748106099026239,3.442543859337551,3,3.42706729593782,3,2,1,3,5.585329282286882,10,4,10,6.76
3.292660919489977,3.109944083388254,7,6.454463833343234,2,3,1,1,4.873441280550605,7,6,7,6.76
4.327449192478623,1.8084350885160827,6,6.317881377183171,2,3,2,2,7.203082809666912,6,8,3,6.78
1.456200022951805,8.894079440878741,3,7.069529645109899,4,6,5,3,8.674495226420735,6,9,4,6.78
3.8917496583614266,9.894295164382633,7,7.867862499578058,2,4,1,2,2.845589747573377,6,8,9,6.78
2.139541197118838,3.672823393064266,4,6.268450521326193,3,3,1,7,3.9275562545823495,5,9,10,6.8
4.544683436072782,5.495058149278027,7,8.299637881832647,4,5,1,5,12.704921872367342,6,8,8,6.81
7.436897148330852,5.07306015364094,6,7.481500819636957,3,1,2,1,8.734310849172518,6,4,5,6.82
7.572630797845798,3.1339015542889492,3,7.461252179714896,2,5,3,3,4.539045558178325,9,3,7,6.83
5.901949729972142,9.491771303159624,7,8.108638355606782,2,6,1,1,12.177238138379678,5,3,6,6.84
9.790152938124756,6.569776204648841,3,7.800018867427098,1,1,2,1,2.6249377548351056,4,10,6,6.85
6.529820166137959,1.3181065344692904,7,10.238832770912982,2,2,2,4,5.602166012940739,5,8,6,6.87
12.24912643381884,3.4789887230195795,3,10.461353025560129,3,1,1,1,9.910625362375571,2,5,4,6.87
3.1352905973679634,5.070287425896549,7,7.531010613769203,4,5,4,1,5.543924156477636,6,7,6,6.88
8.287355948633568,2.3321493746497146,7,6.0480310349419915,3,1,1,1,7.689074286637428,7,5,9,6.89
8.426800789192564,2.208459309475375,4,7.029014936589638,1,2,3,1,7.744985147240408,7,9,5,6.89
3.486019883461278,13.178704673998165,5,7.235872615422162,3,2,6,1,3.410772117493553,8,9,9,6.92
8.658689799972507,3.638495165107176,8,6.082189720191403,3,2,1,1,2.7834733941500036,7,6,9,6.92
5.0747420800338645,5.205251585176949,7,8.635303012127343,4,2,4,1,8.618603517730957,6,10,6,6.94
2.3621068049885094,4.219856016983108,2,3.9749154682166266,2,5,1,1,2.33992628630665,7,8,4,6.94
4.003675488790252,6.959549806285922,6,8.097829705957471,2,2,2,2,4.1635137781790075,7,10,7,6.95
8.53837634138338,4.461465292864194,3,5.8161025032566,1,1,1,1,2.591715847631616,10,5,7,6.95
2.840665148912005,16.0,2,7.7589831204184465,2,1,2,4,4.187211834523477,3,10,6,6.97
3.9117162665937677,5.1001735606933725,5,5.171193512268175,2,4,4,3,10.049526838621903,9,7,8,6.98
3.9089044473736605,7.480222821479345,8,6.8957266894360325,2,2,2,1,4.090671709691821,10,7,7,6.99
8.403702951904048,7.316721109956314,6,3.660258221960285,1,2,1,1,8.376416427322711,4,10,4,7.0
0.6897689005367994,5.034486878093735,4,6.699798012306659,2,2,2,1,3.111442632416674,5,10,7,7.0
1.3260082097577757,7.717883855106992,5,6.155914698401056,4,5,4,2,4.693143666779614,7,3,9,7.0
3.28197102315202,4.535818452699535,3,7.658842721644328,1,5,3,3,6.959203582068231,10,7,6,7.01
11.592041223346294,3.161515596033216,4,10.369153155020351,3,2,2,2,6.1396073914311335,7,5,7,7.02
13.417710895574881,2.3216467274324586,2,5.563537796096945,2,1,1,3,11.25117802679271,7,9,9,7.02
3.955151354730655,9.332430545274619,3,4.174904220468536,4,5,2,4,12.739296053833476,5,8,10,7.06
10.866390413647387,4.1453367902810445,5,5.375361300016555,1,1,1,2,3.672633377676532,4,10,9,7.07
4.411713166691016,6.402383440192338,5,7.852952013762561,3,4,3,3,3.780518778337616,6,10,5,7.07
4.251964990245158,15.129246873263995,8,8.272327407499683,3,1,2,1,2.5716845891089464,8,8,7,7.1
4.097903386150566,3.9426469897783356,8,9.279229092274969,4,4,1,1,1.479298281979111,6,8,8,7.1
2.8956694646689067,16.0,7,7.868457058561095,2,1,2,2,2.3068094413727707,5,10,7,7.14
5.529895262658654,5.404059091049492,7,6.65521870471641,4,2,1,5,3.615176583747537,7,8,4,7.14
2.6114836135064485,7.4053271852234435,5,7.587338095969644,4,4,4,2,3.69916272084048,9,8,3,7.14
0.7494052530609434,3.4104503566919977,3,5.823617103849735,1,3,1,1,3.8624270520959754,5,10,8,7.15
16.0,5.180259576592608,2,7.687166776544985,1,1,1,4,2.5524877659136753,6,10,9,7.17
3.927270517137359,4.3126120609019285,2,7.864907469778506,4,2,1,4,0.825797895986197,9,6,6,7.18
3.1730417730347567,9.3510362319672,8,6.274115339904463,2,5,4,6,15.591514477062304,10,6,5,7.18
3.623173570346008,2.803977657905252,7,8.356639013605307,2,3,6,1,5.002555428520204,8,6,10,7.21
0.6985831822805002,3.593375403160553,7,6.805705043554831,3,6,2,5,4.351630668766762,5,5,7,7.27
2.842504986119823,5.634013543368292,3,5.46830289925145,3,2,1,2,1.0723486512440727,8,7,3,7.28
5.220681766989265,11.420987846421152,8,7.758406867191738,3,1,1,3,5.532577316647523,8,9,7,7.31
3.640696419040156,16.0,4,7.915077596885287,3,2,5,1,2.3339921031968616,5,6,6,7.33
5.302907109605885,7.3973658339964246,6,3.1345582036771087,3,1,1,1,2.5078575739124713,7,9,9,7.37
11.237000473930873,9.228112148634846,7,8.50316105483035,2,2,1,1,8.433615585600771,5,7,4,7.37
0.5576070564849809,2.550230935499119,4,8.784938013321948,3,6,4,4,3.73496609421894,9,9,10,7.43
9.79055074720251,1.0,4,8.232822679508331,2,4,3,1,2.150007162774208,7,9,6,7.44
6.254073094594298,9.566252338473678,6,9.176377559679539,2,1,1,2,4.461096433112563,10,8,10,7.44
10.913323725116353,16.0,4,7.5201122345910685,2,1,1,1,7.175745121326249,9,4,6,7.46
2.7457359016268694,4.041627806808795,2,4.858304878212606,2,4,3,1,2.0700615926861543,6,5,9,7.5
7.4387574499149824,10.077472151541082,7,6.656302571123792,3,2,1,3,7.655720061331575,7,5,6,7.51
8.55722305540195,4.172197956154619,4,4.3865023498115425,3,2,1,1,5.591691561329053,6,2,5,7.55
5.260639559174953,6.851721859610452,3,6.722988653632143,2,1,1,1,4.823813489936139,7,9,10,7.58
5.4807764405446635,3.916590235941475,8,6.9993799304067155,3,3,3,2,3.843098550716693,10,8,8,7.61
6.2372740205145565,1.4527187974765832,4,9.207965030911673,2,3,3,3,2.6388613672463457,6,9,5,7.65
8.093518127224058,1.9940102802223867,8,8.153621159717346,3,1,1,3,5.509964141436702,8,7,9,7.66
2.734155160212279,8.53814786454437,8,4.479241658651602,2,2,1,1,9.121182905114916,7,2,7,7.66
3.582083703277857,5.126259994313892,4,7.613729173824912,4,3,4,1,2.1524059195335603,10,5,10,7.68
6.394052832260941,5.9217712952431025,5,7.034651171990511,4,2,3,1,0.9671571726007296,6,7,7,7.69
2.087506075152273,3.719456356121362,8,5.104517281563279,4,4,1,4,3.545114277322698,10,9,7,7.72
6.800177911360137,6.855592292355296,8,7.649136334118222,1,1,1,1,2.325309925771765,10,2,5,7.73
6.419279504187216,6.944442804059767,7,8.46257122413664,4,1,1,1,0.5341584458150617,8,3,4,7.73
15.727853156174868,8.575697099330934,7,8.022950767363087,4,4,3,1,9.646839934436578,2,6,6,7.73
2.8156831311708346,1.170727704497752,5,6.99487173670951,4,3,1,5,4.360075198318122,8,5,9,7.73
16.0,10.824752035346135,2,9.69822560469494,2,3,2,1,5.018824720472185,8,7,2,7.75
5.81880347396738,4.556247217247636,6,5.5879216185955976,3,3,1,1,2.3391019286769326,10,5,4,7.78
7.931461323870587,4.271230125628386,8,8.60794089582228,2,5,1,2,7.266021393787606,3,6,9,7.81
5.844606366711213,7.110289195482365,3,7.586266925575711,1,1,1,1,2.8870830132330907,8,10,2,7.83
3.29609143866983,1.4568077753004391,2,9.874297569361705,2,2,1,4,2.516561053493377,5,7,6,7.84
2.218493180140104,3.1431797997730575,7,7.595921738302277,3,2,3,1,11.180827885182586,8,6,8,7.88
6.756136166670257,10.235325547444125,3,8.067969950061025,2,2,1,1,2.9372375672942574,7,5,8,7.88
5.549479099893536,1.0,4,6.141141806592705,4,5,6,1,3.028170593799705,6,8,6,7.91
2.9134504785765936,6.085463819860191,7,5.484046122333176,1,2,1,1,4.029393259334238,10,3,9,7.92
9.048139889639076,7.392660137252292,7,7.629667195469335,3,2,2,2,3.587221462001944,9,7,9,7.93
8.531336625365121,7.755307343721692,3,8.312694427564553,3,3,1,1,3.0302293519465366,5,3,2,7.94
4.528594894144476,3.0906742971967422,8,7.540841932739967,4,5,5,1,8.204958184351545,5,5,4,7.95
1.4011019664950672,2.9714910892801556,8,5.036142785749638,3,4,2,1,3.023643321996051,10,4,6,7.95
6.952676812464202,3.8954584070027707,2,6.38555662979314,1,2,1,1,5.441278258545693,7,3,7,7.96
3.9459763186802577,6.182516573368436,6,8.71768195475854,2,2,1,1,8.849563959192515,10,6,3,7.96
3.3292381350039992,1.1392756909835027,3,7.924875011245007,3,6,6,3,3.393035149579801,8,7,7,7.97
3.731289266046252,2.05060429307879,7,7.573676428619864,2,4,1,4,1.7411806486023174,7,3,10,7.98
3.6802223133575174,4.317974490488247,8,6.091705712450277,3,3,1,1,5.7587329488861725,4,7,8,8.01
3.4064967382553917,4.189937493711479,5,8.558161672532433,2,5,2,1,5.766497610762701,6,4,4,8.02
6.545707519601728,4.192918898142172,4,5.8848873001640545,2,2,1,1,5.844745712928328,9,9,8,8.02
3.939183013645389,4.730933473389985,8,7.2607869833244,3,1,1,1,1.2028179563708061,10,5,5,8.03
5.716810809099273,8.637664880769982,5,7.30977277001409,2,4,3,1,0.6256111300472726,5,8,7,8.03
3.315950546169108,3.168873461277914,2,5.479393811952546,3,2,1,1,2.966069920884541,10,2,5,8.05
4.768942501559983,1.9459401062119626,7,7.592258876845958,3,5,1,4,1.685616684954923,5,4,8,8.06
3.1649271062215427,5.2940670740978355,5,9.247690281579816,3,3,1,4,1.2364813127448384,8,5,7,8.06
6.7159370949000365,2.8715411936949735,6,5.69600010757501,2,4,1,3,3.0135349423276714,7,8,9,8.06
3.451043519688713,2.7202116915349883,8,4.443523698851332,2,4,1,1,3.6019506143988314,4,5,5,8.06
16.0,2.272997600053928,8,6.693945340656318,3,1,1,1,5.99623167630323,9,3,10,8.08
11.536944665187983,6.374898058329084,6,4.759775263890587,3,1,2,1,14.010758000047039,9,5,4,8.08
3.666753868094999,14.3164153906121,3,5.4501148031297815,4,4,1,1,1.6383846700398739,9,8,6,8.08
3.2794478585125297,2.9039193884052734,7,5.792098260457051,4,4,4,2,3.9066837645907335,4,6,5,8.09
4.148748623011354,1.2830397985245632,8,7.408165127475669,2,1,3,1,1.5970771508732007,7,10,5,8.1
9.790105778180354,10.464589899817113,8,8.628296977598835,2,2,1,2,2.396470527698657,10,10,8,8.12
3.0420675052405817,6.512691731977868,6,6.6161618665043935,2,1,3,3,5.5730942230425145,7,4,7,8.12
5.518996082275196,9.009986399897619,7,6.476361298409833,1,2,3,1,3.9189026851114512,7,7,4,8.14
7.05836307908619,2.0887632311224,7,7.517178910143804,3,4,4,4,1.6405538909788069,8,9,9,8.15
6.799969032864649,10.005937723240956,8,7.08701227499455,3,5,2,2,4.097832749859443,2,7,6,8.17
4.744655191560462,3.72790682006982,2,7.870431112504223,3,5,1,1,2.0191827919708683,10,5,5,8.17
8.133292133663328,5.382004300696156,5,8.350663875970438,3,5,4,1,7.466277742295999,10,9,5,8.17
2.349437351536814,4.711196942856782,5,4.800875165292945,4,4,4,2,2.3040676937940887,7,7,7,8.19
9.910637296406522,3.5486277461722904,6,7.719780609854879,3,2,6,2,4.394101548427829,6,5,5,8.2
2.5951894552930863,11.35842047408647,4,5.235578935259765,3,1,1,1,7.477554881960635,5,3,10,8.21
6.392483275489132,3.402394121531444,7,7.8730539618259385,2,3,1,3,1.6251323051573232,7,9,8,8.21
2.8940466937648317,10.428479246468942,5,8.65316906265315,2,4,3,3,3.61295289523456,9,6,4,8.22
3.7261215658808187,2.583405913855022,8,7.93413560092764,2,3,3,4,5.519678944358026,8,8,5,8.23
5.091224651163977,15.848710334343766,7,5.919147456940688,3,2,1,1,8.334562814220224,7,5,8,8.23
4.200242619638265,5.306081643036556,6,7.135670091784743,3,4,1,2,3.8378555361853453,6,8,6,8.24
6.7569534672911695,4.133242463295459,5,6.738547853998247,3,5,4,1,2.575648448492295,4,10,5,8.29
4.581172705122102,2.7816191823119536,4,7.02544977230352,3,5,4,2,6.484391080623427,5,8,6,8.3
4.174825398248922,5.813043828348439,5,7.254909255916198,3,6,6,1,11.33986810997574,6,7,5,8.3
4.9676848397932005,9.210259484488212,3,7.933942926521103,3,4,4,3,1.0155677820277096,8,5,6,8.31
6.827909240748024,16.0,4,8.954483165495498,3,1,1,2,10.629036080318341,5,3,6,8.31
6.843228083155852,7.040981178149216,4,5.126920648970723,2,4,4,1,10.230274705584247,4,7,9,8.31
2.989491535839552,2.7387812426317137,8,8.243819318954397,3,3,2,1,1.8284626198372427,4,4,9,8.32
3.7385933461307337,4.7379739171007085,8,7.0224440466750515,2,1,3,1,1.2643020437608674,8,3,8,8.34
2.5039851498961894,4.826108969979603,4,5.412803954618555,3,3,3,1,7.51249809390974,1,10,10,8.35
13.95776213747164,6.699918605288568,7,6.4912945761647505,2,4,2,1,1.8103335719115718,7,6,9,8.35
5.150664631692559,10.336929698204056,8,6.696723518741896,2,1,2,1,2.4310266754011773,7,10,7,8.37
5.050608116284183,2.7870717276834807,2,7.799906511711194,1,4,3,5,2.1198676105943055,6,9,6,8.41
7.74525364133064,4.87848051305746,3,7.553277359822404,3,1,1,1,2.9095243317875217,5,2,4,8.43
3.1013291378383294,6.491651523620216,4,5.595461373314778,1,1,5,1,5.718214116524385,10,5,10,8.45
1.3249334574495155,4.341194907146725,6,6.220966694553347,2,4,2,1,2.1950133152208022,8,8,4,8.46
10.253154400401458,5.0561225519207245,3,7.186192135481337,2,1,2,1,1.408794663996514,3,6,10,8.48
3.0074787712759568,11.691365464716714,5,5.979833912376388,3,2,3,6,6.545553056393434,7,9,10,8.49
4.713612476992522,1.7699484265802483,3,7.961071008471961,3,5,3,1,3.576403546804764,3,9,5,8.53
5.47398677616737,9.233981873095745,8,5.027331303731387,3,2,1,1,5.047155069786123,8,7,5,8.54
2.643884155527733,2.1620129761073574,7,5.878173341454694,1,1,2,1,6.7367333168551315,10,5,10,8.55
10.196774207610348,10.325927349924926,8,9.805424088151034,2,2,1,4,8.11600593873467,10,5,5,8.56
2.2931383057461456,9.531767671432078,7,5.953397252087281,3,4,2,1,6.036495693753881,9,8,6,8.57
12.964339258464742,3.881595948176409,5,7.423788186417445,2,3,2,1,1.1156996183605585,9,4,8,8.58
6.935470051669694,4.108351126414903,3,4.759493941543376,2,3,7,2,5.364500252805114,4,3,7,8.61
10.395476546494177,8.083188890284037,6,6.077332943174658,3,1,1,3,7.956834346010885,5,10,5,8.62
5.54389192995225,6.980179747641873,5,8.467297624516172,3,3,3,3,6.400461187725794,8,9,4,8.63
7.276367495023367,5.940812404871993,4,6.03973185476965,3,1,1,1,0.4408482877311249,10,5,10,8.64
4.735362495922873,1.0894261580602325,8,9.50726879737087,4,5,2,2,1.3262827707096938,9,8,5,8.64
8.958657686148438,7.238688368794119,5,8.398028160954471,1,3,4,1,6.825019254596009,10,5,5,8.64
10.332486988425908,12.163535203490794,6,9.630620692462498,3,2,1,1,3.003245032742557,3,5,6,8.66
2.1774864543957104,7.650466680344944,3,7.365127905498498,4,7,5,3,2.892808648253058,9,6,3,8.69
2.4918687492663745,8.991523881564786,5,9.140081937203178,1,2,1,1,4.806420751270187,2,9,9,8.7
3.4982546771415937,5.727931462474498,5,8.023176865178202,4,5,5,5,0.8342775790132807,9,8,8,8.72
1.6388045724029228,3.241602053407562,6,7.347779135991174,2,4,2,3,12.38562260052319,4,4,8,8.73
2.4092366420013818,13.381022505768541,6,6.529570271095118,3,3,1,1,2.2598845921536377,5,9,7,8.75
9.968670255379756,4.1964198078529416,2,8.77406564655631,4,6,2,3,2.125165432386035,8,10,5,8.77
6.761022846243102,8.252631121500741,3,5.110903615302312,3,1,1,1,0.23124586488235982,6,8,4,8.78
4.882690874131317,9.576350920132198,4,7.226984936862011,3,3,2,1,6.040772397279678,8,6,4,8.8
2.949747507058712,13.186695227095202,7,7.784480353246426,3,4,2,1,7.156272285887409,2,9,10,8.81
11.25465650085154,5.418587304740826,6,3.290798428183837,3,3,1,4,5.404995555712856,7,4,8,8.81
3.337556742522838,3.936650886046966,5,6.709859176430114,2,3,2,5,4.359359282871714,6,9,7,8.83
6.836443368010284,7.062211887246491,2,7.890338035288048,2,1,1,3,2.3587894671259435,6,4,6,8.86
16.0,6.299539393535316,7,8.445856449562603,3,1,1,1,3.4207639100650753,10,10,10,8.86
3.113641226606309,11.27318003913862,7,4.946700815476785,2,2,5,2,1.14665341208175,7,6,7,8.88
2.206883648364048,1.506308323592076,2,7.491390711794266,3,7,3,2,0.8205630346601822,6,7,4,8.89
6.50562782171009,3.992045594885468,8,7.420932621935995,2,3,3,4,3.6742845895429967,8,7,10,8.92
6.021162940317556,10.6000976424853,8,8.212579631846241,2,4,4,1,4.30829808671425,6,6,5,8.92
7.256631800386325,2.347778191165529,6,9.912580617433033,3,3,1,3,14.763418509108778,6,10,4,8.93
7.06147510296792,5.0365573151613265,4,6.83211207432837,3,4,1,1,4.766014564034182,5,9,6,8.93
9.615669240114963,3.7230558224796244,2,3.934277222334731,3,2,2,1,2.7159955333020696,10,3,10,8.98
5.224275604082128,8.169681953678413,7,3.616450803501368,3,1,2,2,2.13203145276648,7,3,6,9.02
4.860874041727863,6.225190344421323,4,7.97445754104534,4,4,6,5,2.102168048877002,10,9,7,9.04
2.4983167985254364,3.5124637562248253,5,7.171879805827752,3,5,5,6,4.644491045024617,8,10,4,9.05
1.5768496902630997,12.869680588309402,4,7.218380864792423,3,3,4,1,2.17609342245224,6,5,6,9.07
2.827111569167207,3.9804520666412344,5,6.567002171021709,1,4,4,1,4.16148823743774,4,8,6,9.08
6.949438834505789,1.8895435365525246,3,8.748064721670318,2,4,5,3,1.4376093443196925,8,10,1,9.09
8.897307713829601,4.198208533595144,3,8.285723427992483,1,2,2,3,1.2266507481425262,4,6,3,9.1
7.71128019231157,14.08024194318632,7,8.728509763279614,3,2,3,1,3.3104745483506957,10,6,9,9.1
6.3229120303756625,9.099167642238013,4,6.000717790089747,3,4,2,1,18.17472886928291,6,7,8,9.12
6.76853801414098,1.9383172220111742,8,5.871966300811177,3,1,2,2,3.3747160729515358,10,7,7,9.13
6.324751459680153,4.287060153715624,5,8.49550565148012,4,5,2,4,3.7971592705318815,3,5,3,9.13
3.837852578601869,2.953789565813736,4,6.591774231456592,3,5,2,1,3.2741853500817695,2,8,5,9.14
2.982952153223242,8.001696988929977,4,9.64175719947654,2,4,4,5,5.073379463123381,10,5,7,9.15
2.8991778945344007,8.530412055665128,4,8.232367993705967,3,2,1,3,12.559139856665878,6,3,6,9.18
1.6664191155188104,10.128748282884303,5,6.307188058694836,2,1,1,1,2.702692891465828,8,1,8,9.18
8.888076688810624,10.52387486906279,8,7.6918855430380155,3,2,1,1,1.5941647697185437,5,6,5,9.19
4.717484053587327,1.7448474130263878,6,11.430463758142691,2,2,3,1,2.1256480295116127,3,9,5,9.2
9.306905902601216,4.816248214050676,8,7.199572090811831,3,4,3,2,3.6542727469315452,10,7,7,9.2
3.493021886089415,7.350713675231082,7,7.195410471230187,4,5,2,4,9.29527320806002,7,5,4,9.21
3.523789376428397,5.7542280434240265,4,8.047114856206376,2,2,1,1,2.089933913275923,7,8,8,9.21
11.974388571783017,11.94339280908071,2,4.437880072734435,4,2,2,1,8.35940113546587,4,5,7,9.24
8.85613529674297,7.23882000978334,8,7.76781837782656,3,4,1,1,2.4776497356877543,10,6,6,9.28
3.2277889333551073,2.0525318927062606,8,8.41396664392761,2,3,1,2,4.5338848028908805,5,8,6,9.29
4.80761638664558,8.920415203437951,8,6.82684266149916,2,1,1,3,8.672471128499167,10,5,10,9.3
3.281228356517202,14.244071758115515,7,8.589100188236948,3,3,3,4,5.128949756969324,9,9,4,9.31
5.448798846667968,11.520171516896117,3,8.042411868411527,4,3,1,4,16.340877362642047,6,8,6,9.31
15.801638857826756,9.334084515935077,8,6.014426865389719,3,3,1,2,4.1519366180632,8,6,4,9.33
1.2179269452158241,4.5264611552647995,6,7.076533719372013,3,6,3,1,3.7887041130834245,8,8,5,9.34
2.2906841629166506,2.566947315323234,7,8.465372737355208,2,4,5,4,2.4052214833183667,1,6,8,9.36
1.8598515500138462,16.0,8,8.615219010555483,1,5,4,1,6.766729568532487,6,10,5,9.37
4.074143981930117,5.01289503595431,6,8.73945970647014,2,3,2,4,2.068158934269358,4,10,7,9.38
3.834845417655908,7.5049785880929765,5,6.203923379426241,1,3,2,1,3.5130362121162273,5,5,7,9.4
7.965778393928827,5.084860039580494,2,5.520797763115776,4,2,3,1,6.365392214489893,7,5,6,9.42
1.352155725312968,3.3115013190880256,6,4.396639800795882,2,3,3,2,3.2419587748447927,6,7,6,9.47
10.795663676058581,2.8226850393368785,2,6.204767075429395,2,4,2,3,1.7752515575046166,7,7,9,9.5
2.3894790192648863,8.164768897529026,6,7.682087872015928,3,5,4,3,4.207012755289514,8,6,8,9.51
4.2410256823727455,5.310185080139574,4,6.950301152189496,1,1,1,3,4.43579743361304,6,9,5,9.53
5.287514947775835,8.803162793045544,3,8.405247269174696,4,1,1,1,4.96721926835736,6,2,7,9.55
7.6744587284248595,10.035123640494374,5,6.7145670558850945,4,2,5,1,11.336538092873807,8,7,6,9.59
4.194503135293168,6.4965715317103765,3,7.187237740360936,2,4,5,4,4.064983037965411,5,10,6,9.6
5.76886111285665,5.493938980607021,5,6.528718722354849,3,4,4,1,5.195019661103594,7,10,7,9.6
7.799260120356526,10.044538959334224,4,8.113852315681296,2,5,1,1,3.9021624908134944,8,7,9,9.62
6.966448413467984,5.195026783402639,4,7.455353065235089,3,2,3,1,4.260899344362688,5,9,6,9.65
2.1368973176981427,11.435487685267729,7,6.441024884198432,3,6,4,4,4.311625118220902,7,10,8,9.66
3.379186372039238,3.7544070020177243,6,4.968273597658722,4,4,5,1,4.609031892729535,5,9,7,9.66
2.66164461110117,12.71611333963897,5,6.453464714337638,1,2,3,3,0.9061052020652247,8,4,7,9.67
5.552784355890745,7.483743900681057,2,5.044731937099385,3,2,1,2,4.51201715555378,5,2,8,9.67
2.2752556707863554,1.6329975904386027,8,5.665264197682359,3,4,1,1,3.8237442431311726,3,10,2,9.68
4.2926286034757535,3.058680683255651,6,6.834437811429609,3,2,1,1,4.65218461109921,2,5,10,9.7
2.383158093245516,13.715752261908262,2,4.876992554928675,3,3,1,3,4.380873631362999,8,4,6,9.71
9.165177069335648,4.202716780440184,2,6.962294531635533,2,5,2,4,3.319811394727537,9,4,6,9.71
9.26362812582993,3.806806879359785,8,7.94850764245564,3,5,2,1,0.34698079245983915,10,6,10,9.71
1.002477460789159,3.9723346336208136,4,8.600006964911154,2,4,3,1,5.437892295518536,10,1,6,9.72
16.0,6.304575318355621,5,10.844576880629914,3,2,2,1,5.641224114357584,7,3,4,9.73
11.72978430489739,5.859701247058694,8,8.896567260783339,2,2,2,3,3.2777250829266746,9,5,6,9.76
3.48041737055398,7.387333733082179,4,7.464575051614252,3,2,2,1,3.4558805889461803,4,4,9,9.8
4.94281607450399,5.436890824947323,6,4.015167053099794,3,2,3,1,2.3718815303969403,6,6,6,9.82
2.8617967683121037,8.82808446802295,2,5.968595652820467,2,2,1,1,2.0482225660080133,8,6,7,9.82
1.5059225251629376,1.7159453014285366,2,5.671348590000317,4,8,8,1,2.3229769774128255,4,4,7,9.83
5.985936241676285,4.900038376476577,2,7.697576012690268,3,5,7,1,0.07849839121164395,6,4,5,9.83
9.008475316971586,1.4531537531608205,5,4.930369521703273,4,5,1,3,2.817594890225397,7,5,7,9.84
8.08409489373678,12.121421410710305,3,9.189714524478198,2,5,2,4,5.810926751389759,4,3,6,9.84
12.146605954668873,6.240903604119424,5,6.542374397231109,3,4,3,1,1.883197953155247,9,4,9,9.87
8.87617809498416,1.0,8,5.971799012905063,3,2,2,2,1.6145886687423716,8,6,10,9.87
6.093339426854289,1.70049805715641,8,6.76642084020608,2,3,3,3,3.906443361172227,4,10,8,9.88
2.358849002137595,5.65088640745104,5,6.144428273349809,1,2,1,1,1.73704583937557,9,7,7,9.9
8.586005826960164,16.0,2,8.79834454724711,2,2,1,1,2.9636774158604484,6,6,4,9.93
8.270015418282842,7.453661597261706,4,7.313322445188466,1,1,1,2,3.0050819221178746,3,4,6,9.94
8.34406272268355,7.4918614399045405,8,7.353424093795382,2,2,1,1,4.481897164586398,8,5,8,9.95
4.071573102633943,1.3374422361466118,2,8.736776251952794,4,6,4,7,3.80183103965947,7,10,5,9.96
4.612300726176895,3.7729524177725295,4,8.684540228902991,2,3,1,3,2.3113767018893436,5,6,4,9.96
2.9602807659257317,9.383217606804147,7,6.667619404251478,1,5,2,1,3.2400113346906028,8,6,4,9.98
2.31322114516341,2.0891987061583266,2,7.08781877379637,2,3,3,1,4.379354252857673,1,2,9,9.99
11.015150890984403,2.113785041969537,5,7.513946076202304,3,3,3,1,3.680557520237682,5,9,8,9.99
1.4425313205557577,16.0,6,6.032694476023846,4,1,3,1,4.722369943580878,7,9,6,9.99
2.729686812783995,4.273346575087343,3,6.371455851471483,3,3,3,1,2.2743418350651994,6,5,6,10.0
10.925171458750182,3.9431777696328165,2,7.042493125788712,1,2,2,2,2.6778734609175183,7,9,8,10.0
4.170538191979757,4.851057932554358,7,7.99921837558258,3,3,1,5,2.1131272250878013,10,7,10,10.0
7.072354983143303,3.386169563860994,8,6.023706142840385,3,3,2,3,1.4362844532335157,7,6,6,10.01
8.712118932588021,11.928093673030713,4,7.582486950959895,3,3,1,1,1.511386252421919,2,8,5,10.01
7.114130585953898,4.33791813247401,4,4.220816628269931,2,2,2,2,3.434482694969367,10,5,8,10.02
2.893416463110305,6.199134248114962,3,5.421230918298209,3,2,1,1,1.7048084999188038,5,2,8,10.02
5.117968971772909,9.358755889362723,8,7.200673843929079,1,1,1,1,10.33076639898754,6,1,10,10.02
5.067292359916639,6.847214790883785,4,7.674674768908232,4,4,3,3,1.2804716846756288,6,8,5,10.04
7.183437930288504,10.589931698048634,6,7.237559820436671,3,3,2,3,9.13386033224277,4,7,6,10.05
5.376929738139943,4.617858126552758,8,6.439721862360081,3,5,4,3,1.2427305688273051,6,10,7,10.05
3.5881577329517165,5.371785151335783,2,6.18821616400057,4,7,4,5,5.304971683653443,6,8,6,10.09
6.220632033710598,1.9221361793441682,7,6.220019307831775,3,2,1,1,2.6837654796932475,4,5,6,10.11
8.033183722259697,2.111475070253496,5,8.09799947669222,3,2,1,3,1.4425685409423372,2,7,8,10.17
9.503166064446763,10.324903190851442,6,7.58335032484802,4,4,4,2,5.672506360722413,10,9,6,10.18
4.647993755022511,7.423580235005262,5,6.27197153658884,4,4,4,1,3.218946292321445,7,2,6,10.19
3.56367314026254,9.06139295076281,8,7.157724941150541,1,2,1,6,2.215525822921143,8,10,6,10.23
7.52716743895384,4.181084695775554,3,5.897185047870402,1,4,2,1,6.065757965076567,7,9,4,10.24
6.268022008713239,4.855261748221381,2,5.351664563250796,3,1,2,1,3.103630498652501,10,7,6,10.24
8.345164654322815,16.0,3,7.781167919292648,4,3,2,3,11.921515003997762,10,4,8,10.25
3.2325167761336457,2.2965443516571122,4,8.621811874183619,2,6,4,6,6.373878891327983,4,6,7,10.25
9.901197561651642,2.310729599243429,3,4.693966921794996,3,2,1,3,2.2311865792147065,6,6,8,10.29
3.0844680957018538,10.768774398239021,6,5.73125678355683,3,3,1,1,2.0526833047460213,4,8,7,10.35
10.569467700903987,7.324293015297158,5,4.901878446617728,4,4,2,1,3.889670084780638,9,8,8,10.35
3.6913466843021085,8.229983179206888,8,8.874796781588415,3,1,1,1,4.930608501195317,10,2,9,10.37
3.9211587923505693,4.310892974969331,3,5.801566483108554,3,1,1,1,5.8229056381837205,6,6,5,10.38
4.584285680491272,2.9250492835066395,8,6.154415529267363,3,4,4,2,2.9930324707567895,2,7,5,10.4
7.371179327777568,2.2123856761555367,4,5.553725724946629,3,3,5,1,4.009238501615482,4,5,4,10.42
6.471139376635449,4.145858524834636,4,8.184609331400178,3,6,4,2,4.654969991248533,5,7,8,10.43
16.0,5.537114070009021,4,9.178579770480148,4,4,3,1,12.69562608981131,2,6,3,10.45
6.021910419954491,1.0866379658329126,5,5.506785258491382,2,5,5,1,1.805506835054325,9,5,7,10.47
7.435722918251529,4.490205908487477,6,8.629008188703766,1,1,1,2,3.9320820544786628,6,10,3,10.49
8.402160581607124,5.482983052203228,7,5.709821425604952,3,5,4,1,2.3048135350500036,6,10,6,10.5
11.155421804416282,15.61869675107205,6,5.983416475339428,4,2,1,3,7.3318321425573,10,4,8,10.51
3.4767277969102004,12.290408251194012,6,8.191617838929307,3,4,1,1,1.8882415443268024,7,3,4,10.52
7.804249995085284,3.4507494742620426,5,6.8514841768022965,2,4,2,1,4.681718405519948,6,6,10,10.54
8.1301846070933,2.8770555998242764,2,6.733652631552681,4,2,1,1,7.962556171346149,5,1,7,10.54
7.0765654315742985,11.837465577546762,6,5.892578346906554,2,2,1,1,5.528913139609784,6,9,4,10.56
3.7747588403544716,10.355610907388026,6,6.167453173442951,4,4,1,4,1.1310697436457673,7,4,6,10.58
3.5828444773132677,9.12715793072747,7,6.735912166399331,4,3,3,1,2.049764343722046,5,5,8,10.6
3.614102425719372,8.283200998329418,7,7.032758022842263,2,5,1,1,0.5848689322369578,7,5,7,10.62
11.242294853276476,1.6100823663698671,3,7.11720063715355,3,5,6,3,2.4191961280469902,9,6,6,10.62
1.2706249384808102,4.251114796772471,5,7.674954735863153,3,2,2,1,4.446265464501895,10,1,10,10.64
7.615198791892219,7.841385277082992,3,6.646450027137426,3,2,2,1,2.418229635342476,8,10,10,10.71
4.015725219563357,3.4647566573466615,7,5.799996968578745,3,2,2,1,2.470724299493331,6,6,7,10.71
4.316308710316387,4.700913989727249,8,7.097312878046654,4,4,1,4,0.9754215364656039,9,1,6,10.72
11.086140974123374,2.0262694934799597,8,7.828818117326403,4,3,2,1,2.057681814227005,5,7,7,10.72
6.165750186930769,4.518453711879963,8,8.801608340280273,2,5,3,2,1.968344887774136,2,3,9,10.72
3.6672205978214465,5.9433896489179,5,6.5426136224927225,3,4,4,1,2.648595864206282,5,3,10,10.72
5.719125275462913,5.009662643339876,3,6.2748594931699255,1,1,1,1,6.253990163548651,4,10,9,10.72
2.166478241737575,8.30333549586406,4,6.143911748269846,3,3,4,1,4.169134994637644,6,5,6,10.74
13.752113083465183,13.677285099726642,2,7.818974692961023,3,2,1,1,2.2503597324258036,5,1,6,10.76
2.326444414481359,8.348346035412712,5,6.824557449642003,3,4,1,3,3.8333653765843345,10,2,10,10.76
3.3849113112975204,4.313783993266836,8,5.4349225216641806,2,2,3,1,0.8537599603390272,10,5,6,10.76
5.0850284104579195,3.3863921237681796,3,8.546009354317107,3,4,3,3,8.827902338716006,5,6,2,10.77
2.2656334692983355,8.92039076873339,5,6.03432427611702,3,7,7,4,6.6449482869408545,8,4,5,10.77
3.041447574402888,2.7704127510551295,8,5.5547673067117085,4,4,3,2,1.9308457847756713,7,6,7,10.81
11.457801712770655,9.333673220749853,7,10.256605074483197,1,2,1,1,3.6834401415979032,8,2,6,10.82
1.3490257368328633,10.051884401418329,2,4.587532042490474,3,5,1,1,2.4955514101009437,4,8,6,10.82
1.7669493828789506,3.5944180577783467,7,5.991781561497854,4,5,4,2,1.775518573564335,9,10,7,10.83
9.1753360460829,15.554040169230088,6,5.898269667532338,4,3,2,1,3.8551922965898777,2,9,8,10.83
6.563298162928516,9.000755628350142,2,4.891479273552582,4,4,7,3,3.7506870788489466,5,7,10,10.83
3.5774063691660243,9.697440255403203,8,5.9134032406776855,3,5,1,1,4.9126121950647335,2,9,9,10.86
5.513495163112772,4.516250162704423,8,6.338475692593252,1,4,4,2,1.3403393164154438,9,9,7,10.87
3.5923538133414823,5.077907313057213,3,7.751422173422537,3,5,2,4,14.664267207854321,3,3,5,10.88
6.772334279688911,6.8881760838170125,3,4.792773422881573,1,3,2,1,1.4867107086811389,8,8,4,10.88
2.9824788938741404,5.850848005555818,7,4.694789841246651,2,5,1,1,3.2862522256140823,4,3,8,10.89
3.6738339273046368,10.565569670143383,2,9.652399990715644,1,2,1,4,2.1041430163026185,3,7,10,10.9
9.07925674146568,4.71876482504408,4,6.428863079302149,1,3,4,2,2.1095530995925995,9,6,9,10.9
4.91975645433021,3.2292580166370115,5,8.274764825631907,1,4,4,1,1.9330124735354508,7,5,5,10.93
3.925078170778005,10.95180981857887,8,7.222534282808796,3,3,2,4,1.295172989230644,7,5,6,10.94
3.817268300797699,2.5641147167017064,7,9.335738139335579,3,4,4,6,5.340125645619311,9,8,5,10.94
4.1612179630664174,3.6996712380994823,5,6.802225044256145,4,6,4,5,4.461181327703313,7,8,6,10.96
2.4718243465388965,14.996782995975453,8,8.206674362998262,3,5,6,4,1.4340651519402088,6,10,7,10.97
2.688300563128272,16.0,3,7.2874353048109635,2,4,3,4,3.2076473754405876,7,9,5,10.97
4.828518211676064,11.710807896837121,5,7.818314124784885,3,6,2,1,5.734378113168005,5,5,5,10.98
5.0309718438478574,8.489887914677636,7,7.400811877145606,3,3,3,5,4.527350129808662,9,9,4,10.98
3.639039084757851,13.947596014227141,3,6.620098377536327,2,2,2,1,10.090533807771711,5,5,8,10.98
1.9242950632142621,2.7403839661571805,2,8.102822462972878,3,5,4,3,2.7104279201530335,5,4,6,10.98
6.0522850741889975,2.59145318013365,4,7.2730251470134055,2,6,5,2,15.263180516986656,8,3,2,10.98
4.521298246682869,6.398817973041536,3,6.310726383394599,1,4,3,1,2.404253166437685,4,7,5,11.02
5.869940272755777,7.459995847394491,4,6.3163637782869015,4,3,1,4,3.992126865687375,9,4,5,11.02
11.521381175846745,5.387828710309547,3,7.129124907636621,4,3,1,3,1.2367290705283318,7,3,10,11.03
2.0070277854482255,12.729292976037973,5,6.492321970729511,4,2,1,5,5.53607283021513,6,3,6,11.03
2.367674798311075,5.310301386325435,7,3.4652486548207664,4,5,3,1,1.3373622590379681,10,8,4,11.04
11.676136701746076,2.92761447022049,5,4.519402307344443,3,5,5,1,6.863716340471634,9,5,8,11.04
9.590285026839284,5.386876442187996,4,5.862535904459603,2,4,2,1,3.8789806186979834,8,4,10,11.08
11.78945196482564,5.25008505096364,8,5.61636884123914,3,2,1,3,1.6953025605495664,9,3,8,11.09
7.598657374349374,10.261944717019508,5,6.410987952246493,3,4,3,1,0.4336082881178783,9,4,10,11.1
16.0,4.2391412607913175,8,3.156349899502456,3,2,2,1,5.618379591289421,10,5,6,11.13
9.307007978305862,5.389016367548747,8,7.003015915364484,3,3,1,1,1.6124267383711504,5,5,7,11.13
3.134805907255914,14.357438276340828,2,8.006035647318862,4,5,3,4,7.894974075936973,8,6,7,11.14
7.6464817557132,8.598894876420573,3,8.302004085934788,1,3,1,2,2.8425935580465196,7,6,5,11.16
7.750089466907951,7.7710820100374995,4,6.05339747496068,4,6,5,2,7.269703301995917,6,6,8,11.17
4.3940669995403505,9.435107119510576,8,6.985770878967582,2,4,2,2,1.2285593280071117,7,9,8,11.19
6.98103390121155,7.212184003015288,6,8.073243088552495,2,5,5,2,5.525875690552043,6,6,7,11.19
8.303565957671417,4.686920235730609,5,7.4298992364828,2,4,6,1,3.8569887019891236,1,9,9,11.2
8.283497508812538,2.066515532622831,5,9.778884857261154,4,6,3,3,3.37066831233566,8,4,8,11.2
6.539106966065285,8.124268850763547,8,5.587083500336266,3,2,1,3,4.519535660348129,6,10,9,11.21
4.721416297494934,5.286481589277587,2,7.909183376063876,2,3,1,1,2.518130917599292,5,1,7,11.21
6.281240340921991,3.087644719801296,3,6.271984416979983,3,5,2,2,4.378644420230128,8,6,7,11.24
5.811272391616633,5.8195990653216425,3,7.656783839285642,1,6,3,1,4.694203593011529,4,2,10,11.27
1.1508882882194613,6.469734410174719,5,4.014044624918709,3,3,2,6,1.5415035336271172,7,6,7,11.28
6.377918929781463,9.038123381762643,6,5.8331805580902385,2,4,1,1,2.713932549327925,5,10,9,11.29
3.7008145244056934,6.918825185157747,8,6.0333395737549615,2,5,6,1,1.0387617851638016,10,9,5,11.31
7.316486181852309,4.160074767719698,2,5.645919694998375,3,2,1,1,5.398433126380367,10,1,7,11.31
7.247482926201808,7.890721726699593,5,6.509456645095718,3,4,1,4,11.66501455639565,3,8,7,11.34
5.097623049841104,1.004868133748879,6,4.182010249525482,4,5,6,1,5.268084126424163,4,7,9,11.36
5.050912426838928,7.015418279778704,5,6.062585008350363,3,4,2,6,6.546147169479629,6,10,8,11.38
9.713171715011843,1.6951543144603434,3,6.669172201153454,2,2,1,2,0.3959892185512647,9,8,6,11.4
4.366862368254942,3.9787168261353427,2,5.718729807894233,3,4,1,1,0.5949365530034321,5,5,10,11.4
9.3975773275757,11.549221912302645,6,6.019485812910402,3,5,4,1,1.991853473021533,5,6,6,11.41
2.250617220011295,3.9235903948457636,8,5.904173706723947,3,2,1,5,8.295614154963104,9,8,8,11.41
1.4155752435199116,6.078120285420488,5,6.543547350063466,4,6,6,1,2.0507177553221525,9,8,7,11.42
4.064027106391552,3.016618066852199,4,6.9510696858003955,3,5,6,1,1.6053929315050692,7,5,4,11.43
1.530811320934021,5.026044025799459,8,7.736386468421264,2,3,3,3,3.6172519210008343,7,1,9,11.45
6.382768284911604,5.9687631630259785,8,7.862491694685987,3,6,1,4,0.9043218513205652,3,7,7,11.48
2.8375599878466695,3.068038515173481,6,6.520498954508011,2,4,3,3,5.840964617249575,7,7,7,11.49
1.2406505335722997,6.331452005674415,3,6.473287668553517,3,4,5,1,12.480289420642421,3,5,7,11.49
3.9333728491213185,4.45320672972698,5,9.17556095495098,4,6,3,3,1.0088396715281234,3,7,5,11.5
5.01685538986927,6.958465488004966,4,7.622319263889361,1,3,3,1,4.162693793076829,7,8,5,11.51
3.3796764307083422,2.3289369441469128,5,7.953946660290448,4,8,6,4,2.5776806656115907,5,9,3,11.52
3.2377852851174262,6.509225227261358,7,5.680494724148542,3,1,1,2,4.485231998574781,3,6,7,11.53
8.925469649137174,13.69260999391216,5,6.081412701938888,2,2,4,1,4.181722234085073,7,10,6,11.53
2.8598192727368876,7.459388970652427,3,6.92248112603049,2,3,1,6,2.548412561896839,4,8,5,11.56
9.305291670581276,7.254322597638011,3,6.620534748777009,3,2,1,5,5.447024032811476,8,6,10,11.57
3.90983644881518,4.038610387481456,4,4.448210242432802,1,5,6,1,1.611574885346266,4,5,9,11.58
4.202216583375117,5.362623622811345,4,3.969733114117003,2,4,3,1,4.104632378245572,5,7,7,11.59
2.6828758061236853,5.802271101916526,7,10.251358008917343,4,3,7,1,2.0846470529500927,1,10,10,11.59
9.249280760685252,7.714339677754084,2,6.156089731384024,2,4,1,3,3.026644085803328,5,5,2,11.59
3.763859625706154,1.8045405405215587,5,5.622871073240115,4,4,3,1,0.7392776637326222,9,1,10,11.61
1.8527574365759805,7.38407512593856,7,7.979031807187775,2,5,2,4,4.864839061264125,5,3,6,11.63
11.039710689269628,9.20828831415779,4,10.828221260394205,4,2,1,4,3.3053154336548856,6,2,5,11.66
6.040225758340938,3.591640980723855,6,8.370289810888991,1,4,4,7,6.632109500546389,9,7,6,11.67
6.181391306636355,5.0590436387553765,8,8.405189838433618,2,5,8,2,2.411536805283893,9,10,5,11.67
9.08299399856552,13.633193469895398,5,6.089201848789152,3,4,2,1,2.8195338492464455,8,8,8,11.72
8.074892596308324,3.245011389488069,5,6.8570383854157875,2,2,3,1,5.40761576484684,6,6,7,11.74
6.5823566583479485,6.31197955777703,2,7.600546544009257,3,7,6,6,5.122331846500039,5,9,9,11.75
3.1198863583792003,10.920966715838782,2,4.939502537172945,4,5,2,7,1.8490866286668632,9,5,5,11.76
6.025306949471334,4.607311642590463,8,7.0637055421702,4,4,4,2,5.5171520073550955,8,5,5,11.77
7.667204907093149,9.087493773602635,7,9.064128503702367,4,4,1,4,1.6847861798896693,8,4,8,11.78
3.3732242463302424,4.905697032552833,2,6.633129993126406,2,6,5,3,2.495427630869528,9,7,4,11.79
5.370107503822279,1.286504337233931,5,7.9390686596138025,3,6,1,2,0.5646047270236657,3,6,4,11.79
4.634920002985869,6.634431784335271,6,5.903992979058774,2,1,1,1,2.083150281685211,6,5,7,11.79
2.436211533089903,4.199350678776492,3,7.783589811009059,1,5,6,4,1.8566927629890089,9,7,6,11.8
10.39012183527846,7.5284720905616895,3,6.793745753888512,2,3,3,3,2.61270100531718,6,8,4,11.84
5.030767293213147,8.730393161463919,5,9.218018238270112,3,2,1,5,5.899148227833646,5,1,7,11.86
5.62061735953251,2.522712241610799,6,8.128480873710277,4,5,4,3,1.1134191617668379,3,5,4,11.86
6.185897773601303,7.392361892864846,2,5.39920629538165,2,3,2,5,2.258503269520199,9,7,6,11.87
10.827391971840798,1.0,6,6.228599593526118,4,5,7,1,3.430580406693287,6,6,6,11.89
8.397436969523147,1.455203810467995,3,6.361620620253228,1,3,1,1,11.037977735533639,3,1,4,11.89
8.595273359125748,10.452907406432825,4,7.152003457792842,4,1,1,1,3.7644707888098883,6,2,8,11.91
10.81528716376415,12.984990221635819,2,8.216711872044025,2,3,1,5,9.676958928874654,7,10,5,11.92
6.6607323852090925,16.0,4,7.972778274213708,3,4,4,1,0.5096584148457513,6,3,8,11.93
7.891948946690514,4.052461290070081,3,4.346539562476237,1,2,1,2,7.853996594815174,7,9,9,11.94
3.7916526026125448,3.6687003289028204,8,7.6703568660225585,3,9,7,1,8.682327357124471,5,3,5,11.96
8.39346622221699,7.418768434977832,6,6.998311980837728,4,5,1,3,8.875462244604119,5,5,6,11.97
2.5663257552602357,8.911322450462523,3,7.877694786208231,2,4,1,2,2.760643081168161,10,1,5,11.99
2.6713549132203185,6.008439738338998,5,8.366223360768064,3,4,1,3,2.5126105909738565,5,8,5,12.0
4.222972727568202,5.318718734751332,4,8.784494026135715,2,4,3,1,2.308439006084932,7,3,4,12.0
13.842683575725264,5.2108781344741075,4,7.796799661419575,2,2,1,4,2.5938323591348857,7,4,7,12.02
2.9823664286989864,3.741436073167676,7,8.160198383362138,2,6,7,3,6.444498224819369,6,8,5,12.02
2.3991174715407624,10.596344869096496,7,7.0785286568688495,1,3,1,6,0.968979547537466,4,10,3,12.03
10.036927182119936,6.905768928355354,7,5.857787555760398,3,3,3,1,1.6771260202784743,8,4,8,12.04
6.710391461784636,9.773754184858374,3,7.301748459120502,1,5,5,4,11.43962489904242,5,5,8,12.04
2.675443303970948,2.350212569683446,2,5.108500157164265,3,3,4,1,1.4451512775746735,5,6,7,12.04
5.019407670921077,3.3128357202465892,3,6.09131624059817,4,4,4,4,2.2876692610801856,6,7,7,12.04
3.733659041462323,9.262026569236333,7,6.947288569046541,2,5,7,1,3.7365798832747044,6,4,3,12.04
9.159749401398413,6.8714527364257325,7,9.004758761595033,4,2,1,1,5.24260417616964,9,1,6,12.05
6.570663415152385,1.270370524280914,4,6.852414521193814,1,5,8,1,3.079145762913085,7,9,8,12.05
1.8919718787524156,14.639636898814189,2,9.993608774037678,2,5,5,1,1.663187653386133,5,7,5,12.06
10.414802252244726,3.0580824612680524,5,6.734161336712079,2,1,2,1,3.7590792795285894,7,3,4,12.07
10.727133453943893,15.887292976793484,5,6.353042869694105,3,1,1,1,2.8651890790010413,9,6,3,12.07
4.565787745966821,5.2704269494194715,2,5.22276664433321,2,3,2,3,7.345623439976092,8,6,6,12.09
6.341057313375375,5.965231947821098,3,7.650954679687699,2,4,8,1,2.850861621453028,8,9,8,12.12
3.5977433109162336,2.9497324593134513,5,7.498605412137609,4,6,6,5,12.021958812909224,4,8,5,12.14
5.656170230470925,11.488931369317958,6,7.849918009073639,4,5,5,2,7.2685589246275715,6,5,8,12.17
1.9254780793717512,13.916338324945164,6,5.798587862165286,3,3,1,2,7.050443903454269,7,4,9,12.17
5.751974895638264,5.290983414886456,8,7.131590213103138,2,5,2,1,1.277416759120541,6,5,6,12.2
6.470291711779365,10.668788284111738,6,6.769407565175669,2,2,1,6,1.0433515610824573,8,8,7,12.2
10.718022593645722,13.43960643065744,6,7.601236600282932,2,3,1,2,5.169774355846419,9,4,8,12.22
5.301999158180136,9.24435126881666,4,8.662083653463162,3,4,1,1,6.021954504198428,6,6,2,12.23
1.7714822903861749,3.1452712268511354,3,7.659911070076793,3,5,5,4,1.714803727683652,5,3,7,12.23
11.847304608040712,15.495867463359316,4,4.54431726861596,3,4,3,2,3.7012453240098635,6,7,6,12.24
4.420917064353814,5.371903200726596,7,4.9859925734766115,2,2,5,1,3.5574750382083664,5,8,8,12.25
8.767451726169337,10.798324008505414,2,7.007634099059322,3,3,3,7,6.256061918919852,5,6,9,12.26
6.564111869024316,10.539126919343364,4,5.651393539851569,2,4,2,2,7.5296846236345205,6,9,9,12.27
4.12859858775773,7.615807606774137,8,6.812312616161456,4,4,4,3,4.084326675898943,7,8,7,12.28
4.336452496141092,10.107315360230398,7,4.784680835985459,3,3,3,2,6.480763602476625,5,4,7,12.29
3.192633214187764,3.6683983205414172,8,8.76246424310003,2,4,5,1,2.9813212118178005,6,4,5,12.31
11.57886800766984,6.8841639086961335,4,4.973765713734938,1,4,3,1,8.48173395860262,4,4,7,12.34
7.340454909611087,2.976229795396539,6,7.845679054257983,2,3,4,4,2.2492296420718487,7,10,8,12.36
11.359214448551981,1.7368538424118365,6,9.811980194374055,2,4,3,3,5.032508185826156,8,3,3,12.36
4.085877915857234,4.740823503418338,5,9.445345980915551,4,6,4,4,2.9159041936562864,8,6,4,12.36
1.8278076553426787,5.5877458753133515,5,5.39786058774815,3,6,3,1,2.7546654223133458,5,8,6,12.37
11.321966795748867,3.9378604452390893,6,6.0782944055246695,2,3,1,5,3.3324482094436085,7,9,6,12.39
3.704141867568178,1.173791760710562,4,4.5642905846798385,3,3,2,5,2.5756039623168094,2,7,7,12.4
6.170482648675057,2.3995125427431403,2,5.8911777496365065,1,4,3,5,1.418604672749458,6,5,5,12.4
3.434299061168632,5.759341720501784,4,6.9195779931418055,2,5,4,2,5.120672130314153,6,4,6,12.4
6.396648765368383,3.0007980922892843,2,5.95924363310459,1,2,1,1,1.7615254078802893,9,6,10,12.41
4.232360946356589,5.82838350494999,4,8.29979017292629,2,3,4,1,6.4835572038417055,10,5,10,12.42
3.098052121853874,4.9945026912400525,4,5.655532689206202,3,3,1,2,4.543348604573944,4,4,7,12.43
1.229160738540632,3.7289646786238024,4,6.814912999772664,3,3,1,1,2.975853815111012,10,2,7,12.48
2.4296005615579377,1.8021127602497913,3,8.549698499536753,3,8,6,4,2.9552988984276944,6,5,8,12.48
4.397967255035063,6.743582767246278,7,5.768542583683448,2,4,1,3,5.622309171805564,5,7,6,12.49
3.59494990666518,10.156782737900636,2,4.709209813080987,2,1,2,2,1.7548112243140355,7,2,5,12.49
7.784218720842564,10.181665023027119,4,6.500630891343968,3,5,3,4,1.5400904967372326,8,7,7,12.5
2.1695147509353094,5.6273388643659565,4,6.570616079215662,3,3,4,3,0.5096221309907064,7,4,4,12.51
3.0179271765279223,3.740291913100877,8,5.14627873387553,2,4,1,4,4.7394861399704995,7,9,4,12.51
3.29401612513777,4.748575723929075,8,5.172216721238589,4,6,6,1,3.655568675428782,8,8,7,12.53
12.611172910101267,4.576506827638481,2,9.531022464168858,1,3,4,5,5.268001564014398,10,3,8,12.53
6.721197649190339,9.393273501279065,6,6.794560038457271,3,1,1,1,5.828640359461175,7,4,7,12.54
4.201162763706907,9.267221757910509,2,6.831076771655141,2,5,4,3,2.455010868580083,8,10,4,12.55
6.322723023671796,7.395393266456775,8,5.151207649452113,4,1,1,1,3.329994236370123,7,1,3,12.56
4.35824017697686,2.2289356913162357,5,7.494099941386718,3,6,2,1,1.769753814622005,3,5,6,12.56
2.367420019024097,6.885834048253098,5,7.390211732649632,4,6,4,5,2.75099063999295,7,8,5,12.57
3.3873997786800385,2.3376800768253343,3,5.907071038290937,3,3,3,1,5.86170060295657,7,2,8,12.62
11.644158510617157,10.525333846332803,3,5.833549630747335,3,5,1,1,3.3438937260409287,6,4,9,12.62
2.6415180660925826,3.3270157729338528,3,7.144045750964981,3,8,4,4,3.9111708086519448,10,5,4,12.65
7.128715991842977,16.0,7,4.676774470701444,1,4,1,1,5.861465695256703,6,10,9,12.65
3.953615183325818,11.016262693651077,7,9.423970946724978,1,3,1,2,8.140617456346991,7,5,8,12.65
1.1013828633469434,2.5047611051567746,4,6.8000757687471625,4,4,3,3,5.396008347503616,3,2,6,12.66
6.197871586218306,8.21275039034536,5,5.2775161429508906,4,3,1,3,3.3108575583084496,5,6,5,12.67
6.483254908816033,6.549246271068064,7,9.223869862236045,3,5,4,1,3.376469804487496,8,4,7,12.7
5.079231886936281,5.47953992758888,2,4.948065100761632,3,1,1,4,9.2869347576365,5,1,10,12.71
10.25656699443106,4.384367463651563,4,8.119048409582325,3,4,2,4,2.0163701235806397,8,7,4,12.72
16.0,2.2094052888329143,8,8.723769787892156,1,5,4,3,4.433545020594391,10,9,9,12.72
2.732947687409415,1.7044104983314592,7,5.689424163677595,1,2,5,2,0.6799490484711831,8,6,8,12.73
4.1882474675984325,15.883240746130134,5,5.390953860166087,2,2,1,1,5.838669446168246,2,4,8,12.74
1.7511731411862501,1.0,2,5.467359852157487,1,6,4,4,3.64572259018682,7,8,8,12.75
11.720774286355573,1.1258076833621855,7,6.582500742823835,3,3,2,1,8.24829944440934,3,2,9,12.75
6.795671661860016,3.5551195013676695,3,7.09975528835273,2,7,6,1,3.1039161232083092,5,8,5,12.76
2.0570840095672676,5.264037909782498,3,6.4424798787801345,3,6,5,3,6.214419104861947,5,6,6,12.79
2.9341162943653534,8.007948165277064,4,10.237814180915903,2,7,6,6,8.199871325063445,8,6,1,12.79
7.729122944640115,1.394534511071788,3,6.03515446347432,3,5,2,7,0.7224269883444698,9,6,4,12.8
3.906935818466954,11.265762587543833,2,6.777470039537932,3,5,3,1,2.029234774346357,6,5,8,12.8
6.130840224106965,1.6129105923847784,4,6.810194596933064,4,4,1,3,0.19963460257195711,7,7,5,12.8
7.858791070423828,5.795448724160178,2,3.5683774051337425,3,3,4,1,3.174073435052332,9,4,6,12.81
7.990702019886738,1.595879954372591,2,6.046113295130494,1,4,3,1,1.5757333533383902,4,6,5,12.84
7.200348717082042,4.464091085359401,3,6.754499064862068,3,5,3,3,4.070150730810023,6,5,5,12.85
6.209302389674058,5.424199504967847,6,5.63907560893302,4,5,3,4,5.87559032338262,4,6,10,12.86
3.951499175064051,4.22772185818799,7,7.043600811947054,2,5,3,2,3.2031361532012936,7,9,5,12.86
5.664525972043373,9.188444837916444,7,4.797162133362416,2,5,4,2,5.153494656485124,6,10,10,12.87
7.787000845819959,1.9340913409299088,5,5.121710745459156,1,2,1,1,1.262679991980637,7,7,5,12.87
3.895394556604769,7.898901549723913,2,7.031131303650683,2,4,3,2,2.2629286420478163,5,5,7,12.88
7.135907203435169,9.672307400501497,2,6.752292863127748,4,5,4,2,2.6226591520926728,7,6,4,12.88
4.436310573774595,5.821168301256765,5,9.224884371194998,2,5,3,3,2.3875977457523794,3,7,10,12.89
3.76422481166368,10.339407643159156,2,7.220022781937052,2,6,7,2,5.509980000002599,8,8,4,12.91
3.1236678281620476,5.602947463990933,4,7.535891931702555,2,6,8,1,7.802294737752185,8,5,6,12.93
5.451053397144162,8.498648887757025,6,7.454713132530716,3,6,4,2,6.007962814835885,7,3,6,12.93
5.5432395118611995,2.115394014406253,6,8.298417466965395,1,5,3,3,1.3860040801570783,5,10,7,12.95
4.683816725639935,5.2549386248369565,6,8.050791837383047,3,8,2,5,2.727326492279652,5,6,5,12.95
3.9650363350068494,3.9065464130490595,8,5.202805033949564,4,2,1,1,7.401590535193295,7,1,8,12.96
0.5270994389210566,3.668912910200795,7,5.952345053940304,3,2,1,1,5.301613585176358,7,5,2,12.97
9.43808068527202,10.181268348995967,5,11.68930942284284,3,1,1,1,4.801057292730987,5,2,3,12.97
6.530555363575751,3.0833329961041644,4,5.966986081725158,1,5,2,1,6.23826036869162,7,8,6,12.97
10.079330452700095,11.82946674595504,4,3.3731047808355887,1,3,2,1,6.913372605949052,3,10,3,12.98
2.862854441849962,1.9404388643797745,8,8.447708799935553,4,3,4,1,3.6375578293336495,3,4,6,13.01
14.298386747453948,3.542472596644303,5,6.995992000598926,1,5,3,4,3.803927066424193,8,5,6,13.03
12.449077404952243,5.705017750747224,5,6.9794324581120675,3,3,4,2,3.1597188686783912,5,7,5,13.03
7.394519483001692,2.7814274173917033,3,8.627378416104385,3,4,3,5,0.7762615754823285,6,8,7,13.05
2.818057071833204,5.797754147469464,5,7.221002435413455,2,5,4,4,5.3557275906358734,2,10,2,13.05
3.489144483637351,2.244589334417416,3,8.173638912117275,4,4,5,3,1.8790101833833013,9,6,5,13.11
1.3307627391646963,1.7964359506703065,8,4.526449754220014,2,3,4,2,1.5653090180627018,10,6,7,13.12
4.994442681009799,3.5770998990351406,2,8.373199611230811,2,4,4,3,2.794478049763341,5,2,9,13.12
3.7019288220803626,7.4394273508539275,5,7.48598772029716,3,6,4,2,6.18469679571013,5,9,8,13.13
7.40351301474597,5.800627221947586,6,4.939799112863177,3,1,2,1,17.007530662447888,4,2,7,13.14
9.417621070707057,5.177106307238146,7,5.120054327437581,3,3,4,1,2.839882638375594,7,5,8,13.15
6.2084801908750515,2.188592273602474,7,9.33838046565571,4,5,5,3,4.046324378978855,5,5,6,13.15
0.8194769667699983,1.4965617212541413,2,6.34242397221264,2,6,4,1,3.355982613935842,3,7,6,13.23
6.019501215782844,13.610721265254623,7,7.437224305880635,3,4,4,3,1.4238381606375468,8,6,9,13.24
8.06639088395464,5.323488242321649,4,6.415077775238525,3,5,2,1,2.9319104963962186,6,4,4,13.27
10.485324142353141,4.780878261251877,3,5.84979353155737,2,1,1,2,1.6305830219043147,10,3,8,13.29
2.8264585283617967,8.889064775079891,5,4.826027587896197,3,6,3,1,4.0133014225443855,6,8,8,13.3
10.180832148770303,12.34268444706852,4,8.286914900855937,2,5,5,3,2.243263276728064,6,4,8,13.3
6.553226502545959,4.961928867583205,6,6.395109529355979,1,3,5,1,2.274246182238672,8,4,7,13.31
3.80524209741143,7.393152029598159,2,9.089400716022954,4,8,4,5,1.0282760846174448,8,6,3,13.31
7.7605031353677365,3.7994635189699455,5,6.709300697431869,2,4,2,2,5.402367068205222,7,5,1,13.32
5.125551421703427,4.272856932944548,2,6.312549515844566,2,7,7,5,6.79261661497956,5,5,5,13.34
7.3584069784017725,6.135548383870811,8,8.078661015262195,3,4,3,3,1.2359953153023322,10,6,4,13.43
2.1820772235282666,3.879073195883361,6,7.422732742776565,4,7,6,5,2.937780702731949,8,5,5,13.44
5.520136154431339,5.710903147106304,6,6.662595428360123,2,5,3,1,1.0493294222967153,3,6,7,13.44
6.877148530716653,7.820376260065155,7,5.829257968111508,4,3,1,2,17.263117944297555,8,5,9,13.46
3.7560755410702233,1.0,5,5.68467833257592,4,4,4,5,1.3081301964910066,8,7,6,13.48
3.8378690693250697,3.2739321142875575,5,8.544721845144743,2,2,5,5,15.355851676937972,5,5,6,13.48
3.696789981193936,1.6248008190061658,7,4.504257265574358,1,2,2,3,3.1336565828382543,7,5,2,13.49
1.604906142128039,3.5120439284558467,4,7.869915339992786,3,6,4,5,4.239934057689428,7,3,6,13.5
10.79576884466532,9.274012083918588,7,7.190523932615848,4,4,1,3,2.1391314350817923,8,7,4,13.51
4.664355450113118,10.957407323889756,6,8.20742993334152,4,3,7,3,1.1829034235744453,8,7,9,13.55
1.792469937448939,6.849955190738076,7,9.159992068374647,4,7,3,5,1.4000984763974607,6,6,4,13.55
12.748399624188625,4.482895144728472,8,6.005153427712628,4,3,3,5,1.10565299363531,4,10,9,13.55
2.783471136028248,2.018183502395197,5,11.995833450168167,4,5,2,8,2.368830248322616,7,6,4,13.56
6.294923465100681,7.958089288790646,2,8.212366759188797,2,7,5,5,2.7794578777149086,7,10,8,13.56
8.175602574487161,5.9314175918565315,3,8.413040151669536,3,5,5,4,1.1389315178164894,5,5,9,13.57
2.6800607559041962,2.467721857082421,4,5.753447029266327,1,6,4,3,12.401097421956877,6,9,6,13.58
5.10799972425821,8.009644267558532,8,6.170734366794579,2,4,3,4,1.3587723702261136,8,4,10,13.6
6.922441247914748,1.0534815523321837,6,8.184852976085795,2,5,6,1,1.2142123165449654,6,6,8,13.61
5.816984675326909,1.0,4,8.756031583233296,4,6,6,2,3.232024529175469,5,7,8,13.61
6.845140249476522,6.155674177077972,3,7.869248381142027,1,4,3,3,2.869576361757308,6,10,4,13.63
1.7978727183049945,12.92183772493168,8,8.111063131628038,4,5,3,1,3.5089173294139058,6,2,3,13.69
4.850275140282889,6.05900491814676,8,3.547968964719055,3,4,1,1,2.5244146196527746,7,2,6,13.7
6.075668221885625,4.128972594382116,4,8.13995585059874,2,5,4,5,0.29912514959396574,9,10,5,13.7
6.077584519643191,10.151306358145737,3,6.031597594785405,2,6,5,6,4.898594820069958,7,4,7,13.71
8.850652221543115,5.331250438031442,7,4.496295986943062,3,4,1,1,0.5875045622560515,5,10,4,13.72
2.526110143827668,6.609047064024355,6,6.47728357323454,1,2,4,1,3.9980213211468913,7,6,6,13.76
3.505239115287518,9.235513214256777,5,7.721015677227174,3,6,8,1,0.9425251439269836,8,4,6,13.77
3.585175871669671,8.289369552782862,6,6.002150220243947,3,7,5,5,1.8628717851395873,6,10,5,13.78
3.8207718529623014,6.654547852732965,6,3.2939111169844546,3,6,5,2,1.0789396074124789,3,10,4,13.81
3.4611262298824164,4.5038228078395175,5,8.207774581952775,2,6,8,3,3.0041527121280613,6,4,8,13.81
10.576480041300218,6.5196499909096985,8,6.999396688251499,4,4,4,1,0.5681780090627215,6,4,5,13.81
3.6400333887944503,4.292790813679224,7,6.198851445894523,3,6,3,5,1.0166070879219606,7,5,7,13.81
5.9791033941899325,3.3143621796158023,4,5.312877032643211,3,4,3,5,1.3342073593441433,5,8,5,13.86
5.586239116541366,5.538563772431352,7,7.998224409512087,3,6,4,4,1.563897837240491,6,10,5,13.88
4.330875967773354,8.240024163242541,8,7.801540019247643,4,3,1,7,1.1056300995308674,5,7,9,13.89
12.428268759472665,16.0,3,6.84934283509151,1,5,2,4,7.91894708997994,6,9,4,13.92
4.4131979446306415,3.2517545742654503,5,4.901169045460152,4,7,4,3,2.759439908615038,8,7,7,13.94
6.474867594360956,4.687092802107188,2,7.55946313179723,2,6,1,4,3.1741811771096926,6,4,8,13.95
6.828500169825569,11.035740455741774,7,8.25203239879933,2,4,1,4,1.8657164320918602,4,7,8,13.95
1.5902703126537638,9.038527118505275,2,5.0297339015168046,3,5,3,6,2.0144362076270346,7,6,7,13.96
7.847459520211114,1.0,5,6.267063575029153,4,5,1,2,1.6608382948980325,8,2,6,13.96
14.832023238467436,11.102032507151506,6,8.148290950142766,3,4,4,1,1.5427433821766172,6,5,5,13.97
4.451552710767711,9.003565540939473,8,7.9161602242908735,4,6,7,5,4.046494451066644,5,8,7,13.97
10.45488300857765,4.157111344962108,7,7.493933110364853,3,5,1,4,8.891671221881824,9,6,3,14.0
2.9468900553399004,1.6837090542482749,3,6.115232300261653,2,6,6,5,4.003472013674142,9,7,5,14.0
8.923412737087704,1.352759978638124,6,4.2578379206229044,3,4,6,6,0.3036969410564179,9,9,6,14.01
5.370985326928,2.571130771613059,8,5.701488968320609,4,1,2,2,2.9875892872576317,2,1,10,14.02
3.027225115103953,10.563247905873478,5,6.092400851691453,2,5,3,2,9.935171177129094,9,8,7,14.02
3.429352525771015,4.369233288469037,4,7.511217833141032,3,4,6,4,3.7247665654226454,6,3,8,14.03
4.228450826619314,1.7853928675469857,3,7.191230747480546,1,7,8,2,6.529753897928401,6,9,5,14.04
10.532475903115781,8.463533349766731,5,9.830871484020888,1,5,1,3,4.1950814090646,6,8,10,14.07
3.965653800186871,4.471593606112271,3,7.854850774762211,4,6,3,6,3.402290854079267,7,5,3,14.08
4.196346389933442,5.523119348494479,7,7.961143904572043,1,9,5,3,4.7485626488575665,4,5,7,14.09
6.7779431255538025,1.5978547510931334,7,5.194134168812798,3,4,2,2,3.58069486477176,2,6,8,14.09
8.943939522540457,3.818750778543384,8,5.080905544603382,3,1,2,3,3.1410473350677237,7,8,7,14.11
3.627240156347125,2.2958441179807165,7,8.641846300194231,4,8,7,5,6.045497566421504,1,7,7,14.12
4.923263662964412,3.44822051883094,6,4.58779355046417,2,6,3,2,8.05558930535082,7,4,5,14.14
5.739991357363241,2.4695052404661455,7,6.7953235783348145,2,6,7,1,6.040226503699845,5,7,4,14.19
8.912155313155274,2.370770227782038,2,9.998785408392292,1,6,5,2,2.657709242405764,6,8,7,14.2
4.902819541302058,3.0459846091428333,5,4.906496507392356,3,6,5,3,2.711846114955983,10,4,5,14.21
3.052958108111833,10.539853380396682,5,8.745984598845249,1,3,1,4,4.396910839906941,6,5,7,14.24
3.4513450790195948,7.021967574845458,8,7.058513360134354,2,4,7,2,0.8981948142724467,5,4,6,14.24
3.3757113644451526,4.8143217757086285,2,6.856890916962865,2,5,4,1,2.216244004086048,2,6,2,14.25
4.424835656944879,7.893886661749057,7,8.419332928267831,1,5,3,4,6.598537208849081,6,7,6,14.25
8.406538161788076,7.90359715634122,8,6.166084955936537,1,2,1,5,3.9050834713272553,8,4,6,14.27
8.982802390902672,3.708312437241355,8,6.802757917968752,3,4,3,7,2.597766260665887,5,4,7,14.27
5.164185392282503,3.011009584588008,8,6.042161211184845,3,7,1,5,2.8395235281021383,3,5,9,14.32
8.584920774714888,6.689374193827028,8,8.602317806094124,1,5,3,1,6.620207885398668,4,7,8,14.32
9.812197105369767,4.154493139992145,5,5.729618142541485,3,5,2,1,0.9646021247794909,8,2,7,14.33
1.3643297864659316,8.613012527302145,7,5.339294363310163,4,3,1,3,6.380789935516696,6,6,8,14.34
5.647132894275058,1.0156912552609674,8,3.848318118754421,3,7,6,2,3.6494449044068236,8,8,6,14.35
2.7802575902398647,4.4671821876368645,2,7.816684120848798,2,8,8,2,0.8958993408728553,7,7,6,14.35
6.559437277585382,9.031611150753395,5,6.639369181193874,4,5,6,5,1.5832559388571628,8,6,6,14.4
9.085964327371387,5.692298857889021,7,6.619590843118219,4,6,1,2,3.165703201896362,6,5,5,14.41
5.157821763203206,16.0,3,6.890547295227687,1,6,5,3,2.856996158950085,7,8,4,14.42
3.039780697994797,6.472078931422844,4,7.887760499278027,4,5,4,4,1.0703498325695238,3,7,10,14.43
12.157759801839825,4.438863994694059,5,6.5420266830427085,2,5,6,1,2.5017962688303026,8,5,7,14.45
3.6349598438800523,4.831482970812217,8,4.680570282309806,2,3,6,4,6.088453407294072,4,10,8,14.47
14.51892920156551,3.9420695821925293,8,4.832188529783275,4,3,4,1,1.8187931770646844,5,9,4,14.49
9.623480617640263,3.9893059125713997,7,11.005533439300562,4,6,4,2,2.574925791305518,10,6,5,14.51
4.27417117652451,5.439549193307956,8,7.758715824625249,3,5,4,2,1.5524187997007093,4,5,7,14.52
11.900578716784661,4.069712787429314,2,6.978670932394941,3,5,3,3,4.303245186358204,4,2,7,14.53
11.678724853742406,1.0,3,5.3729862419751155,2,2,5,1,3.958165990387078,2,8,6,14.56
5.833268312180224,2.260804792647938,7,6.431682289520337,3,8,6,2,3.0707673206145967,7,6,7,14.58
6.1467570477151,8.899999147973107,3,7.2205690562987215,3,6,5,6,8.591264121544924,5,7,3,14.61
6.55626198871729,8.605507026961035,5,5.812038471435203,2,5,2,1,5.083714428777885,9,5,6,14.62
3.7482531353738637,14.2331012288905,8,9.503016482279273,3,7,3,2,1.854190613059569,8,5,6,14.63
7.361918519794775,9.409586675542421,3,6.754440752704912,3,6,4,5,3.779521226967284,7,4,6,14.64
4.423703811128117,6.537970365987672,5,7.485076782099098,2,7,8,3,1.7776415290882348,9,3,7,14.64
8.027394353202377,5.880793680013717,3,7.808038735847462,4,10,5,5,3.84399855895979,7,6,5,14.64
6.183692082530002,2.7934681695587544,5,6.4884716202767265,2,3,3,1,4.063233137988307,6,2,4,14.65
11.328011262958803,6.174888257100376,2,5.42982319661118,2,3,1,3,0.5994298336759775,6,1,1,14.65
2.0334585404619983,8.257149449772456,5,7.157894188158684,4,5,4,4,7.010733171650548,6,1,4,14.68
4.143696817992018,11.767394123309334,4,4.613815345582515,1,3,1,1,1.130437234624489,5,5,2,14.7
9.151165013429864,6.938391824989979,7,5.047514889872982,3,4,1,3,1.897718990917391,10,6,7,14.73
5.490936605492257,6.851524832194041,7,3.9939168548357022,2,3,3,1,5.429791026749515,5,6,6,14.76
2.169534473546734,14.373583793689512,5,7.830439241528746,1,5,6,1,2.2882723806407523,7,6,2,14.77
3.892872056433327,5.805415090809328,7,5.92289809031214,3,4,5,3,2.131797380036835,7,5,5,14.78
2.5858330705232015,3.5093433469080515,3,6.04608389515145,4,7,5,6,9.511605285648395,3,8,4,14.79
1.9308591450632302,9.417863699832663,2,8.87703714064532,2,6,5,5,2.079257419536658,10,8,6,14.8
3.6186903765045386,10.343011887306046,8,4.616446163721067,4,5,5,5,1.9801373909362083,10,8,8,14.8
2.6043897284493327,3.064083986286712,4,4.138910496275058,2,4,4,6,1.6127007941659293,8,4,8,14.84
4.781595959041653,2.2056191746925777,6,7.721447234684818,1,7,3,2,1.397870386545398,8,3,7,14.85
4.373247653208361,4.07903089787862,2,5.065899423764382,2,5,5,6,6.51987736063657,6,3,5,14.85
14.897873698264293,7.876432689626942,2,8.896010268361346,3,5,3,7,4.14429046080655,5,6,7,14.86
1.8404577590566513,8.737966950366394,3,4.727104718784478,3,5,5,2,1.5187915816479383,4,6,5,14.86
4.857629934012859,1.774206989636826,8,5.2601436065550224,2,6,5,3,5.970676887848743,6,7,7,14.87
10.059736521275155,4.505443723736409,7,7.1813314766123,4,4,4,4,1.9459767173293072,6,6,6,14.88
1.3299931469259612,7.736949359321709,6,4.876251067379427,4,6,4,5,2.703420956561407,10,4,6,14.89
7.151547240278331,2.0421777893271256,2,5.580777170301397,3,4,3,4,2.7864586044351944,8,8,3,14.91
3.6485365900400044,5.141232681825886,4,8.715381312944128,3,9,5,7,3.1640369993833954,6,5,5,14.91
3.4792116289220463,1.817374959840504,4,5.918074075625041,3,5,4,5,2.9097328319709543,7,8,6,14.92
11.631634016699048,2.3988371445758734,5,5.737116724172739,2,4,4,3,0.29475543354092754,10,10,5,14.93
5.832835676694899,6.453698143712238,2,9.519144496037985,4,5,1,2,1.1371906614074532,7,4,6,14.96
6.471771869436818,5.442166798643852,5,4.4907768084442985,4,6,6,2,4.479911552462914,5,10,8,14.97
11.486460171214235,9.291651597469325,3,8.765790491333647,3,7,3,2,8.765444839370401,4,9,7,14.98
7.410394738179733,2.337209228641705,3,6.352626788157968,3,5,4,7,3.4945984461601873,7,9,8,15.01
3.421314573908367,6.537133165160096,2,6.979947569364324,1,4,7,4,2.027088781967167,7,8,8,15.03
4.279121627102581,12.929532728216538,8,7.641204167631655,4,5,5,6,6.558316843019795,4,6,10,15.03
0.9570930975712231,6.0472931807887225,5,6.785443072854861,3,5,4,1,2.6344336898019294,4,3,5,15.03
8.078108890860282,4.583738085419522,3,5.685379563027343,4,7,4,3,4.455864068658224,4,5,7,15.08
11.726270966492828,6.520391012790313,4,9.14257227245885,3,8,2,5,4.955916673729617,6,4,5,15.14
2.686428537324211,5.286501520603613,7,6.0981823106440185,2,7,3,3,0.9993139577952519,7,4,5,15.14
3.460394968942322,3.1745562807831043,4,9.316025134139585,1,5,3,5,0.412702654421251,3,8,7,15.17
4.230683491424406,3.031841727024646,2,7.148339346451655,2,6,6,1,1.1042310347428472,6,6,7,15.17
14.661092723610055,10.294310228457581,8,8.037808921407159,3,2,2,1,7.585651037685936,3,2,5,15.2
6.104384126224643,3.339334506454944,5,7.261334194484093,2,5,5,3,2.023698902452772,5,8,4,15.21
0.7634806232766145,14.718349729478227,2,6.494417518905282,4,5,7,5,10.432991634989268,9,3,5,15.22
5.93378249694082,11.473081688270565,7,4.942548261719367,2,3,3,1,4.783547933077275,4,5,5,15.22
7.102462859387064,8.78009019848757,7,5.490503817332877,4,4,1,1,8.946351369249932,8,3,10,15.22
5.950226157566613,2.1430993507494316,8,7.836583810892188,4,6,6,6,7.4677340230457885,7,7,5,15.25
2.6752977869443413,4.880637371433975,6,5.904265560830365,1,4,7,5,2.178373037136254,7,4,6,15.25
3.1625750497153744,4.583043336148494,8,5.24415301298333,3,4,5,4,2.7595208471544783,8,6,9,15.29
9.815585102910877,6.509046833837758,7,8.074693978419518,3,4,4,7,5.200391370164844,6,10,7,15.34
7.920901403983622,5.488164648113246,4,7.675083788542711,4,8,5,5,3.8078940329595574,5,5,5,15.35
7.530055265504444,4.006713379998784,6,8.880519013677896,1,8,5,5,6.051533323825167,6,6,7,15.35
5.254326467192479,2.626814383802007,8,6.064597468716302,4,7,5,4,3.3075077873512067,4,9,7,15.37
3.8053101432674947,7.285246793801825,4,8.764996093042901,3,5,8,6,0.9654652587808213,9,4,8,15.4
8.71573850222921,8.939185737344928,5,7.154815413013589,2,1,1,1,4.036356660450081,3,1,8,15.41
5.854333672546758,2.5933530199763712,3,5.222513374685956,2,7,5,1,3.2137506379061302,6,9,10,15.41
11.509057900384017,2.543651974032595,8,8.458017842849893,1,6,1,1,6.485816702257135,3,7,6,15.42
9.76124831367616,3.455100544355061,4,5.918740129001342,2,5,5,3,0.5729690049612673,7,5,7,15.43
5.210442919949724,1.9746050572660125,3,8.642978490336871,3,6,4,5,2.8998383048863308,6,3,8,15.44
5.041784847566603,4.727860594004575,8,4.828594685457989,3,4,5,6,1.6750224046526938,7,9,4,15.44
1.3179840535635392,2.2063120158018963,5,7.163478546468044,4,6,7,7,4.352147262503194,7,5,5,15.45
3.302325715641137,7.673425976398911,6,8.652129059852856,1,7,6,1,1.5572434668660278,6,7,6,15.45
11.96951101172337,5.45927639202202,4,8.204799672227345,1,6,4,5,7.146456733629035,8,4,7,15.47
8.408546174873782,5.465593195316517,3,8.541308078399235,2,6,8,5,3.0190952742487496,8,8,5,15.48
16.0,3.9685373735003227,5,4.780204138400854,4,3,4,1,4.656159276194029,3,7,8,15.48
10.061427608878311,4.767950960910196,4,3.5731483629607945,1,3,1,6,4.097246694049414,5,4,5,15.5
4.205319641168793,8.671984637121795,6,7.06015556898208,1,3,4,6,4.381083367302089,4,3,7,15.54
1.3854570549752288,4.784830078080413,3,6.805003957743302,3,7,7,1,3.4350353904649613,9,4,8,15.58
8.148812553813743,4.105846833280097,7,4.967720493233661,4,5,5,1,4.723767467143477,10,6,4,15.62
2.3555704996574485,14.167218247797885,4,8.505990290359673,4,8,6,3,4.345253038179327,7,6,5,15.63
4.830367062411698,15.96382058439615,5,6.774859421779027,2,5,6,5,3.5405791870169123,10,4,7,15.63
10.197471160822747,5.253156965899315,5,5.371231017646879,3,7,5,3,3.01431653112141,3,4,5,15.63
2.7126896418837476,5.616880627857693,7,8.503639484856663,1,4,3,5,0.4954806401033339,2,8,9,15.65
13.800810845572972,8.607379944595898,5,8.298271110838607,2,6,5,3,7.314639752376759,7,10,6,15.69
7.5794505020630725,12.08631929775795,8,5.493746906449408,4,6,6,1,0.6811889954569029,9,7,7,15.72
5.7289879219650475,12.44658883424784,4,7.49781978211682,1,4,1,7,3.7815947816930966,8,4,7,15.74
4.171536179518313,15.265002986142413,3,8.17844485358849,1,7,5,2,1.9037789441831787,4,6,7,15.74
6.154887278779881,12.264681234088208,7,6.129275261871998,3,5,1,8,9.83267521062643,5,7,10,15.76
6.698343803723991,12.040989094617958,8,6.977902789080492,3,5,1,3,2.0001453832695044,6,5,4,15.77
4.851062247239238,12.975387292096839,5,10.011261888599103,4,7,7,1,2.2042997071660944,2,10,2,15.77
6.419799521072704,4.655921203692518,5,5.243156000576835,2,6,7,2,9.376503781255659,4,1,9,15.78
4.571114906663247,5.420755810940882,2,7.235108769512099,1,9,8,1,5.397077289154586,5,3,4,15.82
4.880848088273684,5.585985638974334,3,6.167192299243308,4,6,5,6,1.7841577923455898,8,6,7,15.86
1.5790117843205975,6.155718485491729,7,6.840298907224343,3,7,6,3,4.679315848106003,7,10,6,15.86
13.822131266266975,14.79709526538749,6,7.114449960437067,3,8,5,5,6.2670998711661605,7,9,4,15.87
6.9874221614242105,6.755763061184945,2,7.784918979956675,1,3,2,7,2.7770944443124317,3,4,8,15.87
3.7548246387930613,5.962998136394226,5,7.124149290028422,3,8,4,6,2.0837352481259077,5,9,4,15.89
2.64383548574594,5.4018103071087955,6,6.514472899861698,3,8,5,2,0.5675101875907282,4,5,5,15.9
1.5081019787890462,3.9242088418465233,8,9.344473528826192,4,7,5,5,1.4492619306456902,6,6,5,15.9
4.821889725371501,5.2488593987143295,4,7.458963604991769,3,5,8,3,5.21454433636696,6,1,7,15.91
8.314996285386759,7.052679504604526,8,5.563944290442096,2,3,1,1,1.5987687933447674,7,2,6,15.91
7.116128538315005,6.814474333837287,5,3.9378475273117584,3,7,8,4,2.33213797221847,3,9,7,15.94
5.283109220194343,4.200611837277864,2,4.1462336993871975,3,7,5,4,5.601642521997716,9,3,6,15.95
5.784177452675984,6.248771604734343,7,7.813264939872943,4,5,4,5,8.742665909281781,5,4,6,15.98
6.289473806061008,1.5476051039183616,7,8.533456272866278,4,9,8,4,2.1728475885538803,5,3,5,15.98
11.470312088171152,4.000457782569045,6,3.788323639230244,2,5,5,1,11.2320254552192,3,5,9,16.0
9.998561643629154,14.988771546318558,3,5.00331997176671,1,4,5,6,5.713583414577702,3,9,8,16.02
4.303261709311441,8.127566397021441,7,4.475156247902891,3,5,2,8,4.71154121793742,8,5,6,16.02
6.272989109458476,7.328720640367989,7,7.990398242369305,3,3,5,2,2.162219251892954,6,7,1,16.02
6.6704036201700845,6.167930886187973,4,5.496941992550344,3,8,7,5,3.9436636297086824,6,9,4,16.07
3.4488077464576135,7.046556277372158,6,6.072404590939834,4,5,2,7,2.4291576022923422,9,5,3,16.09
3.7750444775069036,6.638412145668491,7,5.387372187561297,1,4,4,2,2.161458109006851,7,4,9,16.13
16.0,5.283985592511141,4,4.726437688015894,3,3,4,1,6.606310482824764,6,2,8,16.13
5.57677816979848,16.0,6,6.857219676036797,3,4,4,1,9.799149068128475,8,6,5,16.18
11.07443762639964,9.7901124312672,8,3.8545885564373528,2,5,1,2,5.889749910779676,5,7,1,16.18
3.184493470556431,1.3701782928884718,8,6.892437643400097,3,6,1,3,3.772476204131982,5,5,7,16.18
11.766819285228289,7.083908029922811,7,9.054806123988122,2,6,3,4,0.6685649977941696,5,8,6,16.21
2.5241722222141707,6.129885981512828,8,3.517002999454964,4,8,3,6,8.732198232032337,2,6,8,16.22
2.2293119200902525,5.204915409159683,7,7.390341793650797,4,6,5,3,4.744490323072805,3,2,5,16.22
6.001882441041467,4.344354243306567,2,4.696576099915347,3,7,5,4,6.578040151321726,4,9,5,16.23
10.155864835767176,2.1977651324682994,7,6.427754787676853,4,6,5,7,5.9574146338497505,7,10,8,16.23
3.68809620400457,7.221516837031698,5,8.223141053998157,1,1,2,2,1.177166322436697,3,1,6,16.24
2.648411234581652,1.4154736226189444,8,6.920781711294461,1,6,6,2,7.732937937132524,7,7,5,16.28
5.676704970803194,1.878108613700987,7,7.2727283855664435,4,7,5,4,1.0475053481284815,7,8,8,16.32
2.195390927405434,12.889085096143475,6,5.375668431589567,1,4,1,5,6.508196538703334,10,5,5,16.38
7.929070347946181,5.931048913728528,8,6.825813568811597,3,3,4,1,1.8835672257402867,6,8,3,16.4
11.225043395054152,16.0,5,6.567437668301717,2,6,8,1,1.4714254106584912,4,7,8,16.4
2.3907647640712475,9.821872950664313,6,7.93276263106486,2,7,4,3,5.3507064335736905,5,3,4,16.4
4.411645651439197,4.845309642423641,8,7.310055013013441,2,2,2,1,2.267821108507991,2,5,5,16.42
4.4830351368691135,5.873850758036957,8,8.903109097290356,3,6,3,5,2.054226264215136,4,10,5,16.43
8.561086002414735,5.541839203513571,3,7.645252038930077,2,7,5,5,3.769712360034569,7,3,8,16.45
8.648287726568043,16.0,3,8.87685231394536,4,4,4,4,6.0324666425801965,7,7,7,16.46
1.6091663077780496,5.739231884225227,8,6.8518195449316295,3,6,3,5,4.31454783840052,7,3,6,16.47
4.9432112777857835,9.168078108012299,7,6.826931642144082,1,5,4,1,1.8390985131151738,7,6,4,16.47
8.430302615943319,8.37929116924366,2,8.87067623355956,2,4,2,7,4.762274981807693,7,8,9,16.49
2.9041539451686615,3.445420997605156,6,6.014538180904825,2,6,6,2,7.1164450371765,6,6,5,16.5
3.605360544868363,3.2972871216973743,6,5.578635166083743,4,8,5,7,11.185671310942656,4,8,8,16.51
16.0,1.5962422524326325,5,4.856239456588422,2,5,7,4,7.137193975712779,6,10,8,16.52
3.470722222730676,4.900182631577824,6,6.924058381977757,1,7,7,4,1.6673213269078238,4,6,7,16.55
8.68373414821626,3.4088979098663845,3,5.4961222245907235,3,3,1,3,1.8502008306776088,8,2,4,16.57
3.831095499805706,3.163340307417961,7,9.092642817128915,3,9,6,3,7.342329191053229,7,5,6,16.57
3.4483033103390452,4.470162436142044,8,5.7629849184899165,1,5,3,3,4.3617288273716435,7,4,4,16.59
1.0613464827079235,15.427250245198472,7,6.8357859869533835,2,5,1,3,1.052311130149166,5,2,10,16.59
8.104496512621061,7.57008761892131,4,7.331034392744859,3,4,6,1,6.9564797005469,5,4,8,16.59
6.049650141968881,4.77891718590631,3,6.86130273780179,4,6,4,5,4.991696076856268,9,4,7,16.6
7.769843973364598,3.34695709856542,7,6.332264249505808,3,7,4,5,2.0357341526579735,5,1,6,16.62
3.863627752880351,9.089872074124452,6,5.6119624686567935,1,3,1,3,3.173959248778161,5,3,1,16.65
2.273177644087764,10.918349820294665,6,3.784956779355579,2,3,1,1,1.6281086061583456,5,1,7,16.65
4.439931792656496,6.789162623149626,7,5.994070324354685,1,4,3,4,4.782800593343144,9,8,6,16.66
2.5607565457374886,2.9547502189976997,5,6.962590250794751,4,4,7,4,3.2706469811553944,6,4,6,16.66
5.818260295137557,7.354922650919132,2,4.72763058230922,3,5,6,7,3.9412843002823066,6,5,3,16.68
1.9986324759082565,1.4113177963640877,2,8.459859945248905,1,6,8,3,5.4066192364730234,8,6,4,16.69
6.820666759367556,16.0,8,3.7643212655263083,4,4,3,4,2.956722263137099,6,4,7,16.69
1.5550933270907272,1.9898368738156769,2,8.816127397373865,4,5,3,4,2.5845257469874396,3,1,7,16.71
1.8550266991657431,9.105656865853234,6,8.348026880757407,3,5,3,5,4.122000141947471,4,5,3,16.72
5.078720241724093,6.029631208896918,4,7.055440260725523,3,7,7,2,4.598442362390476,3,5,5,16.75
10.082413345522928,3.2072796815862157,7,6.632877351253191,2,6,5,1,4.295730357873838,9,5,6,16.75
4.991660727099692,10.78732153212609,7,4.160958801634376,2,5,5,1,2.7077638071861423,6,3,5,16.76
2.348156240183153,4.337703282599681,8,6.9558357042353,1,5,5,1,2.793067391328729,8,5,8,16.76
6.424615015937727,5.237342035707075,5,8.308426267371399,1,5,7,1,2.8428639283522594,8,5,7,16.76
6.426313954306032,1.886684940528446,2,6.312703495578994,2,5,2,1,2.591325422510896,1,4,4,16.81
5.772905660507819,4.404588299341192,4,7.559937417918744,4,8,6,2,5.667577047883573,3,4,5,16.84
4.039514096166634,3.8503605095223374,7,5.901362027479114,4,3,2,8,2.7440411616362392,5,7,4,16.84
7.188200073481586,6.964339041648638,5,9.362997122654704,1,3,5,3,3.438871869741388,7,7,6,16.87
8.33440423768408,9.185494651624051,6,5.153119585335222,3,4,4,1,11.139325260342552,3,1,7,16.88
4.6668541184989865,4.37279815862811,7,8.06338003892615,2,7,6,4,3.806610758271847,5,3,3,16.89
8.305169013135265,3.4136377127954547,6,7.052417467578659,4,6,4,5,4.333294370771199,7,6,4,16.9
5.800522986904072,7.532499351950108,8,6.179265660394106,2,1,3,1,3.060639266722449,8,2,8,16.91
3.9697730029112552,5.031356853511784,7,4.3706261217133795,3,6,2,4,4.185566453724827,5,5,7,16.92
5.6675593016297166,4.844883974529425,3,8.405433800684497,2,9,6,3,1.3343236833164556,7,8,5,16.95
3.2671648971386564,6.139300052339525,3,6.803915850008593,4,7,2,7,4.49780638449212,4,7,6,16.97
6.343519707378527,9.326836360874516,7,8.014835916938772,3,5,5,7,3.1447865001616773,6,8,10,16.98
1.2907568792172177,14.945490741882681,6,7.5948388018733155,4,7,4,7,1.1488694763592435,5,8,5,16.99
11.763610559001734,12.320794936678421,6,4.657403649783813,1,4,4,2,2.2287684662962577,6,6,3,17.07
1.9477673482729623,16.0,4,4.798598667139328,2,5,7,1,6.172732588174874,7,5,5,17.07
8.860125990303072,16.0,6,4.551566379128866,2,1,1,3,8.218425558745407,6,6,3,17.08
6.555221363553561,7.883257613599575,7,6.209160115161125,1,5,5,3,4.258434427530426,9,7,5,17.08
7.3504519116491105,5.32023831863874,2,6.000081962042809,3,7,7,1,6.657938962470089,3,7,7,17.12
5.648927806666334,5.1092571178725485,2,9.243736703217841,2,8,5,6,4.083793445021042,7,5,6,17.12
10.26793368798267,4.163155509232876,5,6.701715418869611,4,5,2,8,4.017364396634407,7,10,7,17.13
1.763598083181042,1.9669689534776924,8,6.232395346941969,3,4,7,5,9.07922565431504,6,6,8,17.14
6.22080241595885,16.0,3,4.980606259698405,1,6,7,4,6.226194926140867,5,7,2,17.16
6.199431370799465,1.7264216927627003,4,5.864749720991778,3,6,3,2,0.6553101202233924,5,4,7,17.19
8.754798566640654,16.0,5,7.70265756245823,3,2,1,2,5.128760029177,4,2,7,17.19
2.385428101715179,4.613913586323688,5,7.991711599033353,4,7,5,3,3.163308750732141,3,6,6,17.2
6.6388745377801905,1.9928742029134607,8,5.733814076473479,4,6,3,6,1.4526753175438682,9,3,8,17.2
11.36488013308498,2.701083680088602,6,7.033705678139275,3,6,5,5,2.9907542207921423,8,9,7,17.21
3.7481592902604968,4.84587708173863,5,9.049967471430982,2,7,7,1,0.35333013504254823,4,7,4,17.21
2.5093530798371044,9.244830442761012,7,7.641553948196716,3,6,8,5,5.287404556983523,7,4,3,17.24
1.3853930133378887,5.666212823813709,2,4.2212919442112735,2,7,8,6,4.490440929315602,5,9,5,17.26
2.9213528234074397,8.488513877472354,6,7.371933316608301,1,5,4,2,4.914797395209838,5,8,7,17.28
2.8143562674298264,1.5988902392691227,8,6.98719568750601,4,9,6,2,1.0056455292423674,3,10,9,17.29
2.523808839738989,2.9234262575510335,4,8.433521445981423,2,5,2,9,2.5891321583485403,4,5,6,17.3
9.440843389464725,13.262249185192413,3,6.62608780240864,3,4,1,6,1.445187792211393,6,8,4,17.34
4.050868126493004,2.6232260339297397,4,3.7638052754577447,2,5,6,4,2.497256774946576,9,7,6,17.34
7.048500785961126,5.8759875901826675,5,6.370319317119792,1,6,4,8,1.932656115035645,2,8,10,17.36
10.630436454331782,12.976758775567948,7,8.697787867014966,3,6,6,1,4.607357918346747,9,3,6,17.37
3.9658333869792703,2.7242049445047285,2,7.236939085212746,2,4,6,4,4.016889858986812,4,7,4,17.41
12.8208095808089,16.0,5,8.421498682036315,2,4,6,4,1.5626630238363963,6,4,6,17.42
4.13554613610086,5.7247982891273255,8,7.32603371473532,4,7,6,7,7.152005413684972,3,10,6,17.43
12.763050622369692,4.437268807353644,5,5.843312803209742,2,5,3,3,1.540124464325469,10,9,3,17.45
6.3050672988330705,4.581295616335255,6,8.989527475032155,3,6,4,2,8.927480017691305,4,6,5,17.46
5.533933118328401,3.1622395541734107,5,10.287743641125001,4,9,7,2,6.485305779085242,3,6,4,17.47
8.265203765197843,8.592742269666772,7,7.919064718395467,1,8,7,4,0.6124591658453757,5,8,5,17.48
0.8104009540993593,8.08197371699847,5,8.321350680233254,2,6,7,1,8.112741227293567,3,2,2,17.49
5.121799713259197,2.7592503995745146,8,5.596831966131468,2,6,6,3,6.758473221971304,7,6,4,17.58
5.509519293632988,11.249575277646816,5,7.053387618198192,3,6,5,5,4.520532516536823,8,7,7,17.58
3.9144265426862237,10.192594755747784,4,8.130998831821419,4,8,4,5,0.9843894057784346,7,6,6,17.6
3.759436727007227,2.51973167048209,8,6.428270684551768,1,5,6,1,2.7789533410599794,4,2,6,17.61
8.843265514136899,4.787324050984347,3,7.706817529741532,1,9,8,7,1.8363615713518298,4,10,6,17.62
3.3731482248530407,6.676202027756947,6,5.307832463225891,2,7,5,5,5.983851068176565,10,4,5,17.63
4.391365513738913,3.857513018424166,3,5.118025627750015,1,4,3,6,3.029871474014605,8,8,4,17.67
3.8391579013650596,7.438877913883738,7,8.42773643833305,2,6,8,3,3.0247481007526287,10,6,7,17.69
2.4999805625993345,9.801995146865705,7,6.5039471711505215,2,6,3,5,0.8857336326591243,8,4,3,17.71
1.7714076291537328,2.928066561188689,8,6.718187030923837,3,5,5,7,0.6614321084724494,6,6,9,17.71
6.358966549610582,6.399191875855495,3,5.064807421500136,2,5,6,2,0.55629400697198,6,4,4,17.72
8.27571518001782,5.275548524024076,6,5.629809651376652,1,4,2,7,8.501683631278066,8,10,4,17.73
4.8225734632442645,2.0285952497257003,8,8.36069806065899,3,6,7,3,4.946758727130848,1,8,7,17.78
6.834335708073805,1.5012237737854583,6,5.697208081067589,2,6,6,1,2.268653642525547,5,5,5,17.83
1.713758398243666,9.121351347881498,3,6.956437870390943,4,9,7,2,2.08006877834545,7,6,2,17.85
3.313796701036948,11.193573785424691,4,7.023421040475727,4,10,8,3,0.7636033030728693,5,9,2,17.86
10.921471899513259,5.756628389014871,6,3.0,2,3,3,3,2.163991692163383,2,5,4,17.88
14.906932183740276,5.420176706782599,6,6.710852179169424,3,7,5,6,2.604127354469338,7,7,3,17.9
9.172487509094585,5.000389583769204,8,4.710926333695504,3,6,1,6,1.546299314268283,6,6,6,17.92
6.978516748695928,7.441549130338748,7,5.89894373132554,3,6,2,4,4.019691914037061,4,4,5,17.96
3.550608537223,2.0805479856206697,4,6.378070371917939,2,8,7,1,2.064681065856634,4,9,3,17.97
4.715300859534882,6.1949878221194465,7,5.985081049633948,4,5,4,6,8.369918954284739,6,10,2,17.98
3.382517147132346,4.57132160646943,3,7.711765997516068,3,7,7,5,1.2622099898306345,6,6,5,17.99
5.312812024620462,4.494703086390283,5,8.46294777633353,1,5,4,3,1.9749673348966592,4,5,2,17.99
6.492722869888196,10.880420844472944,7,6.609422349676189,3,7,5,2,2.6079300107978085,7,5,2,18.01
11.164341407260139,2.8005216891168154,5,5.191085039489041,3,7,8,6,6.552845065689429,7,10,6,18.03
5.892911263580246,3.824952444442969,6,8.633744689181079,3,5,4,6,0.6008961687297992,4,3,5,18.03
6.705398655342654,1.4932643163669628,6,9.68381657716457,3,8,7,2,2.6018127360884877,3,6,6,18.09
2.8876292711917744,1.0,5,5.842007668694487,1,5,7,5,2.657703364429484,4,6,6,18.1
3.1277708705008305,2.261464029183634,8,6.223979478889994,3,5,8,2,2.3095243074694913,5,4,6,18.1
11.647248135925327,9.95952896572555,8,5.8107581025688075,3,4,5,2,2.8070854053070398,5,6,7,18.11
1.9044845433075648,4.165640347688246,2,5.082457310404129,3,7,5,6,9.749580584290827,6,5,7,18.14
2.6937703456382263,11.865247529157008,6,8.26654251391777,3,10,6,6,2.757973339980759,6,7,5,18.16
3.3379669477336447,13.344387745370984,5,5.7026951206804855,1,6,2,1,5.575550985916455,8,4,5,18.18
14.94746132854978,4.225831480622366,8,3.6393241808419,3,3,3,5,3.151889592038016,9,6,7,18.2
2.7643645441143283,8.376070621108525,5,7.999399925730426,1,5,5,6,3.016378153802791,6,9,8,18.22
7.025999400235586,9.682969422788345,3,5.896216205708447,3,4,3,3,4.555433791437831,8,2,7,18.27
3.256220081577548,2.3709834618774126,6,6.990696973323691,1,5,3,2,3.7268622016387205,4,7,6,18.27
1.19065803622148,1.5972778286909273,2,6.652881599062931,2,7,7,3,3.173352253870451,5,5,1,18.31
3.7038282159574534,8.845416938070006,6,7.402332037411849,3,9,7,8,2.7424571794597643,6,5,5,18.32
1.4733944582780565,10.92912499136608,8,9.09162120197017,1,5,4,8,5.863069862476782,5,9,4,18.37
6.11820968299552,14.788463417032906,2,7.732654348723538,3,9,7,2,1.7961376976114305,3,4,5,18.38
2.7639537625689656,3.494423121642992,8,8.947504632247982,3,8,7,4,1.2926578935740167,4,8,4,18.38
6.532449653087724,5.615282365537988,4,8.693392471946346,3,8,6,5,0.5236846166407735,4,8,7,18.4
3.1668238815377814,6.822093593062796,4,4.817549011622333,4,6,6,4,6.128695219522333,6,6,3,18.41
5.835163683459247,5.980357224583125,7,5.575809785453108,1,5,3,1,1.8423846965103698,6,1,9,18.42
5.711102375781762,5.503803123126438,5,8.338484940096528,3,8,6,1,4.757064798777215,7,3,5,18.43
7.953491411986407,1.30792770400521,5,7.2046930927932475,4,6,7,6,0.5717336937627365,7,3,7,18.43
5.386704205874665,5.076814576946848,2,5.980195950080121,2,7,3,5,3.361925508703594,7,5,5,18.44
7.031105827695729,3.906945578510502,5,9.752441484361674,4,5,5,3,1.1224678212300863,6,2,6,18.47
2.6826565503247117,3.616742886241081,4,6.953064568439846,4,8,3,7,2.1040031496100227,4,5,7,18.51
6.0098377903810185,3.200998852268283,3,4.118100754564066,2,5,2,8,2.3552592993918897,5,6,7,18.53
2.8292827887934537,2.382901842202531,7,7.477328173812786,4,9,10,4,5.774496877988878,6,8,6,18.56
7.2188117334005435,3.589455645416853,3,8.462284218715627,2,7,8,6,4.389145849825106,10,4,4,18.57
4.296151932149428,8.52466677549603,7,8.00422314616358,3,8,6,7,3.067423753912652,5,5,8,18.58
8.492962534674476,4.923272114259872,5,9.960157979747617,4,7,2,4,1.2203797074122444,4,2,9,18.63
2.1318540928981697,3.307317008191455,6,4.858013448187183,1,5,4,4,1.4362735810235092,9,1,8,18.64
6.357970509401434,10.272311977298383,4,8.664673216520091,2,8,6,5,2.1749845820061138,6,5,5,18.64
4.044714585296552,6.704155303280022,5,7.611904241366766,3,7,5,7,3.0686307168629625,8,9,1,18.67
8.295700946382311,3.7183440699917942,3,6.769968719310212,2,7,4,5,4.909839102584061,7,7,6,18.67
4.864230187263243,14.589471335298079,2,5.372215508160621,3,6,3,4,2.7007481022324122,5,5,7,18.7
8.087506416718396,11.478657082865878,5,7.213722434346869,3,5,7,5,0.9319906183537308,10,5,10,18.71
3.6189714116371805,4.360922718657103,3,4.922008285171312,3,6,5,4,0.7435591238020469,7,8,6,18.72
12.488404869635525,10.870226963880839,2,7.067393828028218,3,6,2,5,2.440997945143832,7,4,4,18.75
7.461439724302375,11.173908474291945,6,8.131311879496307,4,8,6,4,2.9071722008975476,6,8,8,18.76
7.465727055810011,15.77833440962186,7,7.452090090590294,4,6,2,6,9.50940285925547,7,1,7,18.77
9.977439373266874,1.7166451173754573,6,8.213967051263849,1,7,3,6,2.312698308959639,7,7,4,18.79
8.193429739098955,4.1094305567190235,5,7.202733950289948,2,9,6,3,3.4088979156210972,4,3,5,18.84
7.55444079140797,1.7474869045418129,3,7.119154418209628,2,8,6,4,4.263652585027592,1,5,7,18.86
2.1016385062449925,5.9029444040737715,5,6.175195104965703,3,8,6,2,2.0470429970824218,3,3,8,18.86
1.0740715329277553,5.599495905595479,4,9.86768760422975,1,9,6,6,0.2460650999887832,7,10,4,18.88
2.2089173276711227,10.488804298887901,8,8.652675189742272,3,7,7,1,2.4302662751509923,6,4,8,18.89
12.913871105708703,6.296500873378176,7,9.294499706640156,3,5,5,2,1.6139888170174121,4,7,4,18.95
10.255839433585278,2.46595409157727,4,8.75303785407327,3,7,7,5,5.204310599138469,6,4,3,19.0
6.233915344037758,4.4824719351828275,3,5.180104116610265,3,5,2,4,1.7874013899173242,7,1,5,19.01
7.8724826543743145,7.991736275817903,6,6.382878766560187,3,7,5,4,8.082890477657719,9,5,5,19.02
5.1740853381882435,7.082670314956385,6,5.413274099685407,4,8,6,8,2.7066741399688796,5,6,8,19.03
3.908307678329586,5.405711468875303,5,7.014073242939043,4,7,5,6,1.5096017646223636,4,4,6,19.06
16.0,11.500722686062135,5,6.169435779950177,4,6,4,7,5.493611582602035,8,8,4,19.07
3.4509240646644224,5.333542020789843,3,7.492898281825685,3,8,8,1,5.548008016199018,5,3,7,19.1
10.060524215892375,1.0,5,7.949415304663532,4,9,8,6,6.183242556861006,8,8,6,19.1
3.9427544153589054,7.756476769471906,2,4.711743110568681,1,6,4,5,1.459112356550057,5,4,7,19.13
3.110170138804488,2.002967066456871,6,9.345832541975184,2,8,8,5,3.4908336277365852,4,10,9,19.14
1.414571730890047,2.5113182970041836,4,5.278761797893229,2,7,3,4,6.023571666145943,6,7,3,19.16
9.379935802499443,6.914248426210597,8,5.612738388844035,4,6,5,4,3.089471972070452,4,4,8,19.2
1.569601779456111,5.544312288459566,8,4.630248501934236,3,5,5,7,2.1393883790508608,6,6,7,19.2
7.729754282981302,4.559001780271742,5,9.769563185851737,4,8,6,6,4.035002241807917,8,5,5,19.2
8.257695593765202,1.409754967883817,2,6.616267770122952,4,9,4,5,0.198412372397961,6,5,6,19.25
16.0,8.380261058772176,6,8.870452647552469,3,6,5,5,1.7180898507594853,5,10,6,19.26
5.60919689463869,7.759675429321009,5,6.224191910863816,2,8,7,1,2.8839442234637946,6,5,7,19.26
3.9488843396195454,2.170494420314677,6,6.8605977369766995,1,8,6,4,3.5288725130452216,8,6,4,19.26
3.019072966228715,7.372944306778147,2,5.02323237509089,2,5,5,4,2.4560885955621474,1,8,4,19.27
10.286736655481514,16.0,2,6.267134547014391,2,4,1,1,6.732532718632962,6,1,5,19.35
0.5,7.95164529997047,7,8.125730600258354,3,6,6,7,2.7177269503166213,5,3,5,19.37
8.413458582202962,5.57515791043911,7,6.969987014944648,4,5,3,3,2.5760584490538916,7,2,6,19.39
0.5,6.380081444389855,7,7.506655043254752,3,7,6,3,0.4894921891083383,7,7,4,19.4
3.609237997548881,1.0,7,10.349150292949512,3,7,6,7,1.182833244489151,6,6,3,19.41
5.015997423569013,4.511163677706508,8,8.389550852622007,3,5,5,2,5.831962102790655,5,2,5,19.41
7.045446771015858,3.526005052890593,3,5.120060926555937,2,5,4,1,3.7302132387430924,7,3,5,19.42
6.160481387944435,2.461787144063158,5,4.491501474068956,4,5,4,3,10.101664841327667,7,1,7,19.43
7.623006008983017,1.841986224202246,4,5.558573376791858,2,5,1,6,2.1078860384303844,10,4,7,19.46
4.2504062209026525,1.7934270457065935,8,7.899510309271225,3,5,9,5,3.3942494096917493,3,8,8,19.47
4.676062747975553,8.438998635679736,5,3.6246743645402395,4,6,6,3,4.509545580798424,5,10,6,19.47
5.572308042931635,6.7761480890254555,4,7.775521167325169,1,5,3,5,0.5452489763863937,9,1,8,19.47
11.296089152012131,6.2466548789829845,4,8.421784262689352,3,9,8,7,6.152872188936654,7,6,7,19.51
6.389225171430176,11.83547740704096,8,5.5412553593135705,2,5,6,1,10.9671876326738,5,4,4,19.53
5.762876557131751,14.616625556023239,2,6.670974840528132,1,7,7,5,3.256567435256605,8,8,6,19.54
9.2166977050971,1.0,2,8.223718988985024,2,9,4,8,6.228523686317295,4,6,8,19.58
1.7738734020851672,1.8653469400658667,7,5.253254667116037,1,5,7,1,2.5043185838708655,3,8,3,19.62
10.473729318554444,6.598332388017574,3,7.4011580243158015,2,6,7,4,6.326135065238488,7,6,3,19.65
8.878360041215148,12.36454797748841,8,8.480582228176162,3,7,7,3,2.2186778798967657,6,7,7,19.65
11.089358605821435,6.033569381194198,5,6.970235047626443,4,8,3,7,3.8256321362262864,5,4,6,19.7
1.313977205247278,9.466408668030871,8,6.1080106689807145,2,7,5,5,2.3346624578843396,5,3,5,19.7
2.241332585749296,5.361231912876323,3,8.00641439884072,3,7,7,4,1.6719304422705148,2,8,7,19.7
1.8874176279332906,13.177367370301113,2,7.434428780990366,3,7,4,8,4.271895531884425,5,10,2,19.72
3.916881715632033,3.1695374981494187,6,6.52698197155308,4,7,6,4,1.6140526009504892,3,3,1,19.74
3.3798666136833106,6.215993832480785,5,8.00238859469026,3,9,7,5,0.8080665201640621,8,3,7,19.75
3.4399743093817596,2.3193053626148785,4,6.067788236478236,3,7,5,2,2.9197829279177077,4,1,6,19.75
3.2698644988134835,8.101576727610482,3,5.392713397771846,3,6,6,2,2.066936684980688,7,4,8,19.76
9.457468156705469,1.5107987900488324,8,7.035521732103891,3,5,6,6,7.134691332334153,7,1,8,19.76
15.926342451176058,16.0,3,5.215509376469413,2,6,4,1,0.6889897504514149,7,5,8,19.77
5.262791969734671,4.938556920726534,6,7.709224327776531,3,6,7,4,1.204985214453595,7,3,5,19.79
8.644675600606309,2.6678587204200603,7,6.1768780144995485,3,5,2,5,1.6246334893444805,6,3,5,19.79
4.705892594828473,2.6397357077862456,8,9.561216104964341,2,5,5,4,4.403584496773712,2,5,4,19.8
7.56869435953075,6.238820444464103,5,7.329857966529483,1,7,4,5,0.4719626280855171,6,7,6,19.82
3.3467865143875883,6.066663897643521,5,7.64933756540633,4,7,4,7,1.2407226915661085,6,3,3,19.83
1.4062892377094185,5.082729490610013,6,6.761886204359969,1,7,6,3,4.865536653854875,4,6,7,19.85
1.9010719583448328,6.071041158288062,5,7.393950859127928,3,8,9,1,3.263065108271757,3,6,8,19.88
3.4744812249072052,3.7579962997159133,4,6.354388784665528,3,9,5,6,0.3773829828849062,1,4,2,19.92
3.231817486250998,8.272869207063707,7,5.627342630411685,3,4,4,7,1.0868983246764965,5,10,5,19.92
4.8811281023224895,4.21211425955778,3,7.452080069678395,2,7,8,4,5.346373159702656,9,2,6,19.92
6.516642422019917,6.544442684676861,3,7.335252382834088,3,6,9,3,4.604837672704046,4,10,6,19.94
4.838874012483059,11.599661988635393,4,6.172623588727701,1,5,4,4,2.3324256169564483,3,8,5,19.97
1.8989695012858174,2.8524388881319513,7,5.466835313724907,4,8,6,3,2.390221223916039,2,9,5,19.98
6.829601641437195,6.88420738656103,8,8.79149455247969,4,5,5,2,3.9729278832236226,6,2,5,20.01
4.448091568525649,3.7401928322024247,6,10.541460080435566,2,7,7,7,4.333341928801996,6,8,4,20.05
6.223409388644608,1.289253170777314,6,7.409755287415951,4,9,10,3,4.527858419943344,9,8,5,20.05
9.851496171672125,7.391781360749205,5,4.3546374417149405,3,5,7,3,2.6062900170280456,7,7,6,20.08
2.795346658312247,7.280918617924449,4,8.58327606655402,3,9,6,5,1.6881721467741264,6,3,4,20.09
5.883205581800181,2.695793988098185,7,6.759750217754946,3,8,8,6,1.9891391625681294,8,9,5,20.11
6.396339776491651,7.00675152412741,6,5.236194303119253,1,6,1,5,5.587900066794969,5,10,7,20.2
13.536023361397334,8.422658917900279,5,7.741278749402649,1,6,7,6,1.7066650651720852,5,8,8,20.2
8.544322370761861,1.3582287499496464,4,6.787106604114561,3,7,7,4,4.664534452916851,6,2,7,20.23
8.402041191588431,8.217962936564879,3,8.143027613519587,2,6,3,8,2.4344356962685914,7,6,6,20.24
2.5885625084195376,2.274614833207896,8,8.169248564818133,1,8,5,6,1.6335124433990222,4,6,4,20.26
5.181193078888269,4.970531009112273,2,6.357801080790344,4,8,6,6,2.5111154948174175,8,3,8,20.28
7.608117622374036,3.6328549659388276,6,8.31733830800123,1,7,5,6,5.170232929571896,6,5,5,20.3
1.4828986973336777,3.560314260492169,5,6.474666280090027,3,6,5,7,2.6359992821918157,5,10,5,20.31
7.107567969678844,4.404540896002913,8,5.892413459546214,3,7,6,3,4.74708456985356,5,5,7,20.33
8.887425540173679,2.9102397428618016,8,8.111246554983888,1,8,7,4,4.862668886804007,7,3,4,20.36
12.588147716552571,8.235161412158702,2,5.461733740631706,3,6,4,5,2.586548468293214,7,7,6,20.37
16.0,2.1230772372246847,8,8.229499908326972,3,4,1,1,5.553805501070574,8,1,6,20.39
4.738289073067698,12.381455847741872,3,7.474812586358293,4,4,5,6,4.485282391429087,7,1,9,20.41
9.762622040626658,4.327575691836553,2,9.42945100296193,1,7,6,3,6.791268481352586,7,2,8,20.42
4.503275319402585,7.211250135320695,6,7.797176486428106,4,8,8,5,3.2832234041608195,5,5,5,20.45
2.819160711239736,3.4445136089488977,3,7.467277222179559,4,7,5,4,1.8809297589195852,5,1,7,20.45
3.6932427085614075,3.0927565931888608,3,8.205307455920211,3,8,6,6,4.8785413695077855,7,3,5,20.46
2.653979062500804,6.125497631573387,3,7.153929670694666,4,8,6,7,2.0755986381880573,6,9,7,20.53
5.2954075798941425,4.478764705360013,7,4.6701482234115845,2,6,8,7,6.602319592137376,5,8,7,20.56
1.950839023908267,4.089525709149452,8,5.247206258962556,1,9,5,1,1.6515792257928572,7,9,5,20.57
13.386033054060047,3.961583470374761,3,4.86552219388909,3,4,2,8,2.8387322381577107,7,1,10,20.58
5.805453923817236,3.853025636420932,8,7.193462121088821,3,8,5,2,1.2828554494317699,4,3,3,20.61
10.229972163336312,4.465732281168187,3,6.790698013649751,4,7,5,7,1.9009283825068086,6,4,6,20.67
4.238695806254843,3.036057288920137,2,7.523921133243524,1,6,5,4,0.6507133000545798,8,2,8,20.68
11.833825413547988,8.770803290454346,2,6.473748188856032,1,6,3,4,2.466219710712463,5,4,5,20.69
3.868440326512154,10.549445502235786,8,5.714606318393839,3,6,6,2,3.8328688815079275,4,5,7,20.7
4.705646908512573,12.4319254170706,6,10.81154718288353,2,8,7,8,2.5134660863337004,10,6,7,20.71
4.199346555216413,2.059741406799744,5,5.565749197981292,2,7,7,4,2.578015704862355,6,5,7,20.71
5.382847935056191,5.995265281938893,4,4.553256472580733,2,6,7,1,7.929191426074275,4,9,7,20.76
2.4514659692846315,9.879500998253985,6,6.915571913771652,2,7,8,5,2.1535131444389033,2,6,3,20.78
7.220224446282665,13.621522953288142,7,9.068602335823279,3,4,4,2,2.1507938766264405,5,2,6,20.79
2.203840444365155,4.083429025627765,7,8.56200236217961,4,7,8,4,1.5314124163989147,4,3,8,20.79
4.92334978108262,5.710288411395014,3,7.7454042771152345,2,9,6,7,6.018950662163334,5,5,8,20.8
2.5170107800531167,1.2732416433404863,2,10.606361446441367,1,9,6,6,1.4245558642786198,5,8,8,20.82
4.0125762828763865,11.3157568513756,2,3.5707798073343993,3,8,4,6,12.809891502016892,4,5,3,20.82
3.2117263273679164,11.40519547231153,4,5.927549881117457,3,7,5,3,1.610370884473053,7,8,6,20.82
3.047345519081154,7.760523519342827,4,6.375562718311926,2,9,6,6,11.902426275358273,6,5,6,20.82
7.706434490791578,5.116603478492358,2,5.4970070698947735,3,6,6,4,5.961665038440781,9,3,7,20.85
10.103806668581202,8.764084798527607,8,6.86510000436089,2,5,6,4,6.1008630630819445,7,5,8,20.86
11.511495607436679,7.769230162206994,7,11.079751061010567,1,4,1,2,2.6401755076597286,5,1,4,20.87
5.232477251168164,8.940879370589577,8,6.317193181602764,4,7,8,4,7.4508107824510335,6,3,6,20.89
11.23074048602559,3.4362607841471196,5,10.438761948796849,1,6,5,8,0.7369391083345979,10,5,8,20.91
8.81668213145325,5.619530764720792,2,5.0192348062188605,4,7,4,8,13.333189292718659,4,7,2,20.94
2.605641455172638,5.076153402190804,2,7.636754156863906,2,7,4,9,11.867400763421303,6,3,6,20.95
4.191385826657667,7.804295545762606,5,5.391655421051292,3,8,7,4,0.5154466788450978,4,4,5,20.96
5.220328032876551,3.2435907471724663,8,8.535586800789442,1,7,4,4,1.5401972721955948,3,7,7,20.97
3.4291810816325405,5.353894463102735,7,6.317336452374871,3,8,5,1,3.808275478293677,4,5,1,20.97
15.463195481428922,6.77624766277471,7,7.820253932103201,4,8,5,7,2.985159499632617,9,5,5,20.99
12.015438121147598,5.653814654133223,7,6.4036965122314635,3,6,5,5,3.112121444296624,3,6,7,21.0
3.2910617662565285,2.49327530660682,5,7.172727419374829,3,10,6,7,0.20466253839727339,4,4,5,21.01
6.7536902041146725,5.3263802635830695,5,7.312602884087691,4,8,5,8,3.1320739898337773,8,3,4,21.03
4.931106570218615,3.9647200722399303,3,5.768226333333956,3,5,5,4,0.7541056641303181,6,2,5,21.05
5.638756548715006,15.15758315617399,3,4.801118163218305,3,6,6,3,5.0825340924287685,9,4,5,21.08
11.587938276173933,5.1544025377928175,3,4.5468644914681455,4,8,4,4,0.647208664301798,7,3,6,21.12
4.474535386153065,4.150837127808496,3,8.632618017604996,2,7,5,4,8.108849157023306,3,1,5,21.13
8.986459866238928,10.152056557663185,3,7.1592118069429755,4,8,8,5,1.4123195517357596,4,4,4,21.13
1.476103896194306,3.903396851805902,5,7.923018539293975,3,8,6,7,1.255872283396497,9,3,4,21.14
5.677274236622054,3.9063098115582844,2,5.824463545332035,3,6,4,1,2.079743927482993,3,1,4,21.21
7.1826487177425715,6.461442810960325,2,6.4028665370862,4,6,6,7,0.14128597598151105,4,5,7,21.23
1.744513110071351,7.544842577330833,2,5.926722347516159,1,7,4,5,2.266668505190575,5,6,9,21.24
4.242468193797574,7.667535933542926,4,9.10914470668399,3,10,6,5,4.032380226716158,6,4,5,21.25
6.111027736611593,13.324421178496038,5,5.820615339408434,2,4,1,7,5.246913426401275,7,2,6,21.26
1.3461608502576103,3.010641199803375,7,6.870861272106118,2,7,4,7,3.3378491740261587,3,5,6,21.26
3.6036897241994925,6.975051292050004,6,7.19846702410307,2,4,6,4,8.84298239081571,2,6,9,21.3
10.781189348007391,6.161525068929901,6,6.6436878703280025,3,5,8,5,10.66909939489095,7,4,8,21.31
4.832885521882387,5.238604082063873,8,5.988753822740036,1,4,5,4,3.4309177162700886,7,2,6,21.31
11.036085746158271,2.2957451199651855,7,5.151552898782319,4,8,8,2,1.1512677098036144,8,6,7,21.34
6.452887736062879,3.2505190866893914,2,8.685575656980507,1,9,6,7,3.560212517517765,9,8,6,21.34
3.661640062235478,6.809302458578279,2,5.855079818285889,1,6,5,7,1.2586298348864715,5,4,5,21.4
6.417378880586368,5.277524067555516,7,4.689756855777496,3,7,5,7,1.282811605641435,7,6,10,21.41
14.882295077787276,5.583971945521096,6,6.053936879582315,4,8,2,5,1.1180937657099672,9,3,5,21.42
9.591661433634691,10.684488521578896,2,6.527838384921313,3,8,7,4,2.23688888120818,8,8,4,21.43
9.10374148410019,5.77501629796971,4,7.241438451644987,4,8,5,3,2.5043397475600964,9,1,6,21.45
7.909039683796206,2.8603235610248223,8,7.52409689240983,2,7,8,1,2.730655080701531,1,4,4,21.47
4.202016814016532,2.2115592111148095,3,9.426799934695648,2,7,7,5,1.2997623871808721,7,3,4,21.48
11.044918546125857,16.0,2,8.294762515821377,2,6,7,5,2.750163614242528,7,9,6,21.5
7.014603695888445,6.357797720093546,8,5.868468401532343,3,6,8,6,1.2537505972035712,8,6,5,21.51
5.6264499588701415,4.774584042473254,3,4.994645069746188,2,7,4,5,1.7634799600355155,5,5,7,21.53
4.318301727153139,2.834426903940532,6,4.99023523763497,1,8,8,2,2.5082310515402377,7,5,7,21.55
6.548434509183239,7.76055423391516,7,6.998651513119321,3,9,4,5,2.5223128270703636,4,4,4,21.58
4.7824364835193,8.414167450470394,5,7.116608708886775,3,7,6,8,2.214197059286839,5,5,5,21.58
12.710511129120402,11.85059815836498,8,6.452174804113949,3,7,7,2,0.7551327164955327,5,5,6,21.58
3.450867295599178,3.470561279565856,2,5.58730728814494,2,5,5,5,1.4427661977347135,1,4,6,21.59
8.65746733123014,1.0827768255451935,3,7.26008804304072,3,8,7,4,1.7195857168966333,7,7,7,21.6
3.9091966124272703,6.159170980717256,5,5.172885590324544,3,7,5,5,2.323530106412997,6,4,6,21.61
12.32980504837633,9.062634226425464,2,7.377908908661765,2,7,8,6,1.5662287444120033,3,3,8,21.61
6.719201385679984,9.688423723884192,5,6.650981868846724,3,7,6,8,6.180159520702933,7,7,7,21.66
3.5575041947717594,10.005498040795597,3,7.527253551499178,1,8,5,5,1.4015969143977716,4,3,6,21.69
10.269281990644743,9.718832919316151,2,3.8269594463969088,2,5,5,4,9.183244431491925,10,1,4,21.73
5.253676908577841,14.320294424373586,5,6.841613389952566,4,7,7,5,3.290759008642304,6,4,7,21.74
9.055640943964033,1.2021038756664741,6,6.006811834525959,4,9,7,8,2.7233187022351975,3,8,3,21.76
5.297698348743143,10.444728125523415,4,7.525858308270965,1,6,7,8,1.8048212957403476,8,6,5,21.79
2.6831100295287937,1.112107098911815,3,8.229327344774635,1,7,8,4,0.7833164225119792,5,4,5,21.82
5.594712037663639,11.037556379562075,3,8.368264694975185,4,7,8,7,4.55266839425852,4,8,6,21.83
10.443881199539087,5.8273399875555825,6,7.950652964593993,3,7,7,5,2.156486589354133,5,5,4,21.84
6.301688406399124,6.2594452531574705,2,4.095658457048862,4,7,8,6,6.250098685167943,7,4,6,21.85
5.648637469590621,6.218477008589341,5,6.797783642564665,1,8,6,6,1.3557223275980121,6,5,5,21.88
5.799280755967555,3.0303344200986815,5,8.792515722356733,1,7,5,5,1.4701228251226242,5,4,7,21.89
6.446438667942666,7.698001254445738,6,8.673408430564777,4,8,1,10,3.3761540087804107,8,4,8,21.9
3.867678964720705,4.521033140280037,7,8.243603544275668,2,9,8,5,3.7921097301242086,6,4,7,21.92
13.059079178776742,4.158285079901954,3,7.841299697458996,2,7,5,7,1.542223817364849,5,5,4,21.92
3.9586625918524376,3.8792330445559435,7,6.82958451233103,2,6,9,3,2.7466307371613023,4,6,5,21.92
2.92906501168862,9.424255432877173,8,7.854839679030511,2,8,7,4,1.8680404021903576,5,7,3,21.93
6.457931517840489,5.766542860332425,5,5.901939627584557,3,7,7,5,5.1400965511553425,7,4,6,21.94
2.846143546101919,6.574807539681559,8,5.926740721212106,3,8,8,2,4.353116243763493,5,5,4,21.94
6.078787980258842,8.758860423899941,2,7.335980251482468,4,8,9,4,3.1607907263783463,7,6,5,21.95
4.207552126201264,7.2559295511541935,8,6.46601649189896,2,8,5,6,6.053737490948654,6,6,4,21.97
2.7562298367348714,16.0,2,5.8422200700100735,3,3,2,7,0.6195139251795939,8,7,5,21.98
1.3667354189597374,2.991643218194456,4,8.4170797954369,2,7,7,6,4.733736561127253,8,3,7,21.98
5.962337437755179,13.07708956925602,2,7.057950989872225,3,7,8,7,1.7020901946768687,6,3,7,22.01
16.0,3.898381141412304,6,6.137522202692093,2,7,7,4,5.4200370498955515,7,7,5,22.01
5.71753924585442,10.747395811610874,6,6.877441220156472,2,9,8,2,3.130083993716067,3,4,5,22.01
7.558817008664308,3.193078374782366,8,7.62534764191903,2,6,4,4,3.880760285205349,8,2,6,22.02
4.44313969660702,1.8282227916306262,2,6.460180249629166,4,6,7,5,3.8929991727389677,6,6,5,22.13
5.472832000325657,10.797782079147137,7,8.750598363554278,3,7,7,1,0.813800256524499,2,6,6,22.17
1.4613974682706599,14.364360851737935,7,5.441929749024551,4,5,7,2,3.248541830732892,7,2,6,22.17
4.476826898093781,6.743021322170371,8,7.0815909143426525,1,6,7,5,1.0118140200519803,4,7,9,22.21
7.6146948040814255,5.231391917953852,6,7.212417373916645,4,6,5,6,5.248899603867882,3,1,3,22.22
3.7267862030165606,5.766368489713888,8,8.06771021125944,4,7,7,5,1.5072945574750796,5,6,2,22.22
7.200438266126316,8.11071641559741,8,10.7790807710319,2,7,4,5,1.9548681730051787,5,8,5,22.24
5.724316126064878,4.452249328422971,3,8.176791220973776,3,9,8,3,4.433894931918661,4,1,6,22.24
4.487795480158132,8.366235628430523,6,7.648769028229607,2,6,5,5,1.6734657788414766,6,1,7,22.28
7.218507542699531,3.7593042437184216,8,5.5248876273482015,2,7,1,6,2.2876792843216935,5,5,5,22.29
7.443236538827468,2.835089633135083,2,8.78090443373861,2,10,9,2,3.8697670482572133,7,6,3,22.31
6.592057091503059,9.644693097464273,6,6.601996938595051,4,8,6,7,3.046083610773011,2,6,7,22.33
2.0567512188543193,5.464128519236101,3,8.196480438927374,3,7,9,3,0.7662012925656994,8,10,7,22.33
13.818483543921847,4.759602585399128,2,7.025986270523485,2,9,8,4,2.000507944056606,6,5,4,22.34
9.441645049389532,6.087402403671146,8,8.8302822894602,2,9,8,2,2.3243861045500833,7,4,4,22.34
2.290491163170377,7.645467727701478,8,8.872299298456486,4,8,8,6,4.695829572501994,3,8,6,22.34
14.42052987295182,4.697151793143325,6,6.540148698395893,4,9,5,6,1.723281809126925,6,9,5,22.36
7.280425550138738,3.033432257961899,3,8.192793062420124,2,7,5,3,0.7102444185171173,3,2,5,22.37
3.354640165115767,8.624506425452578,4,8.595752122736647,4,6,4,9,5.468522668472011,6,8,8,22.38
1.980998574347407,5.770938642269622,7,9.950923648628423,3,7,10,3,1.3582394429200528,7,5,4,22.42
7.6000773246141025,5.691907461844426,6,7.304441179091289,2,8,9,3,7.345448750939175,6,5,3,22.44
3.665982475106337,3.599901045536656,3,4.22176456965636,1,6,7,8,3.6096725451323746,6,3,6,22.44
2.958277728574486,6.179423670203307,2,10.844333559217386,2,8,9,4,2.0023504791218087,7,6,4,22.49
9.88334599282497,3.8785462639392865,5,4.745404047431956,1,7,7,1,1.946887140699312,7,5,5,22.51
3.334528673101572,2.8118331415030715,8,6.460108132003424,2,7,8,6,2.1625425025788547,3,4,8,22.52
6.66540832527004,6.019403958332047,7,5.783568748309834,3,7,6,5,3.1699890525839076,5,4,4,22.53
5.210010858213486,1.0,6,5.210577634414696,4,5,8,3,2.392840308300049,4,1,5,22.54
2.9119763574741295,6.221115581370248,4,5.989773134858956,4,9,7,7,0.7995462698202072,6,6,6,22.55
4.917182653148753,16.0,6,4.65302586300443,3,7,8,7,1.2317348254622278,8,5,8,22.55
13.511685704944792,1.7032689070716627,7,8.036092993646774,4,5,6,6,0.6420980865187592,6,5,6,22.55
5.692349786967647,3.40785480276772,3,5.240302505386392,3,8,8,7,3.5653850225107373,4,5,3,22.58
8.786260099588846,6.313406005815176,3,7.258953658125189,4,8,7,6,3.8343742926437465,6,4,6,22.6
2.6113637540212116,1.2032504842081766,6,4.5694536699117645,3,8,6,4,5.68656266337125,5,5,5,22.62
7.136821245535836,3.8783029010025487,6,5.2781367217582265,2,5,3,6,0.17622475780890065,7,8,7,22.62
2.668514311282287,2.4222880233938646,7,5.515056588852114,3,8,6,8,0.9817219206942969,5,5,5,22.7
6.695429024514615,2.9248500815266993,3,7.14662524105115,4,7,6,7,8.051920870403608,5,1,7,22.73
8.07509105924939,8.870996522033552,8,5.979234489021084,3,7,4,7,4.761900198122583,4,7,7,22.75
4.836598467386137,5.149128292332021,7,7.033585060092269,1,9,8,4,2.9078643293265802,8,7,6,22.77
3.4747008100672794,1.0,6,3.307369160437509,4,9,8,7,2.636089814857335,5,6,8,22.78
2.0834462429136478,3.568242852863475,8,7.826683105987016,3,6,10,4,2.194727179831347,4,8,7,22.78
5.702454927412667,1.4521019034904095,5,6.159659801044024,4,8,8,4,4.1769871061324055,6,9,6,22.81
9.906981580618229,4.092834555729688,7,6.884971636093843,3,9,6,1,4.410274460947086,6,3,6,22.82
8.985626068971596,13.528398848141112,3,7.079905891895761,2,9,7,2,1.6333345186110917,5,3,7,22.83
3.377350427949409,4.222044686430617,6,7.224558425473121,4,10,6,8,2.7431914007741143,2,4,5,22.84
5.374208401345497,15.522994458729285,4,7.545055452506216,4,8,8,8,2.0940072276787367,7,6,5,22.85
9.033943449158645,4.333816529500101,2,5.416112498694544,2,4,4,6,11.859796365338362,7,1,4,22.86
3.135381666304487,6.45139845914778,2,6.565964156044616,3,6,7,4,8.939402063964794,8,1,6,22.88
3.14931201252307,8.7177086355776,8,5.80335913970359,3,8,7,6,1.0286622263896499,6,4,6,22.89
4.163871265489104,5.356421558162575,5,5.787657258007137,1,8,7,6,2.2192646936187628,4,5,4,22.9
8.489573967108559,5.160127729708055,7,10.750149307750924,2,7,4,6,1.2022330581985208,8,2,7,22.92
4.834429260075587,3.6500820048998444,8,6.991214807485506,2,9,8,6,4.725895224767334,9,5,6,22.95
4.024402655410632,9.713253374792163,6,7.167807142713999,4,9,9,4,3.5002499384726526,7,8,2,22.95
3.077713508885087,6.981263267137199,6,6.045754743208864,3,6,4,4,1.0365292869606295,7,1,6,22.96
11.015151584480659,10.103195336415197,2,6.539382321981746,2,8,4,5,1.7989098564956751,5,4,7,22.97
7.086852732651968,3.7019687898238214,5,9.970034665850772,3,10,8,8,3.7817590467237685,5,5,5,22.97
3.485762483773102,4.5825198013145085,3,6.719195817485065,4,10,9,2,3.931661195885914,9,3,5,23.07
1.5676432204416582,5.125198494204721,5,8.419874826309409,3,7,3,10,1.3870219624069333,10,8,10,23.17
4.825216874739129,11.903401255351847,6,5.551864193395927,3,8,7,3,1.6293240081640736,3,7,4,23.17
8.838300132159906,10.625486788302032,3,6.897278065144509,1,6,5,4,3.3399058044220347,4,6,6,23.18
3.4693316133876566,7.827770978852087,5,7.3513726051508055,1,7,6,10,0.9354175846275594,5,10,3,23.18
3.4191772079332154,2.680875002979784,5,6.152239134405167,1,6,6,8,3.2270652551142294,8,6,5,23.24
7.554162263577571,4.585101163290942,6,6.243671084374397,3,7,7,2,8.031311228065796,3,5,5,23.27
5.0069407928659615,10.19124447310773,3,11.050276728304523,3,6,6,6,1.0633400972803537,3,3,6,23.32
8.768836264727142,6.705733562759142,4,11.324394260825946,3,9,3,9,7.9087300493358885,8,4,5,23.33
2.238296307936263,7.190747431865683,3,5.67355279391477,1,6,6,5,1.3574180107609983,6,10,4,23.33
16.0,9.475209375511133,8,5.525579687003895,3,8,6,1,2.670214174042492,6,7,5,23.34
3.1855448580866366,5.7438900951348435,2,4.060653414973364,3,6,6,6,1.3063012754629204,7,6,6,23.38
3.8805710636715007,3.927179243492509,3,9.540810011276626,3,5,9,4,6.792672314257411,7,5,6,23.38
5.92420919894669,1.0,3,7.497538095471428,4,9,8,8,1.685583438579514,7,4,7,23.46
3.7293278280526554,10.851880441931348,4,5.861133146337201,3,7,8,6,1.2034853177913405,4,7,6,23.47
0.9336625329667193,5.34860279614033,4,7.585217320660232,4,8,10,8,0.8693501703832213,5,9,4,23.5
6.774577712623608,6.781814065567138,8,8.122210319892023,4,10,7,5,0.956836035675652,7,3,4,23.56
3.661805258977346,2.0381572117918862,8,5.498059184726726,2,7,7,6,1.4727790599384412,5,8,5,23.57
5.260407784030713,5.839121210902045,3,5.96980546881261,1,7,8,4,0.19130458175167878,5,3,7,23.57
4.755639051623717,8.201324490529617,8,6.329105523221549,1,7,7,5,2.1154872412486845,9,4,8,23.62
10.045705868629994,12.109930515663942,8,8.8233161979735,3,8,6,7,0.5695935651488983,7,7,5,23.62
8.891770190097517,5.415055241254705,7,6.357359661245047,2,6,5,2,0.5784595578744438,2,2,10,23.64
1.9508863676354455,5.343015920892209,7,8.80910025307306,3,8,6,7,2.168277061140065,5,1,5,23.65
4.714652523692184,4.503355283962208,6,3.0386770252005135,1,7,2,7,4.9065474896469565,4,3,4,23.76
8.19781577828498,4.497294607741968,6,5.951147507250747,3,7,8,7,1.6361292746785403,6,4,6,23.8
6.206320848796993,5.500134745528338,4,5.900184951839895,3,8,8,1,1.3069410576958296,3,1,7,23.84
16.0,11.029144169737501,8,7.618440809315164,3,7,7,4,9.955414203427894,4,9,7,23.86
7.139990048373532,9.201233728993396,6,5.783908178464359,2,8,7,3,1.840922030644121,5,9,7,23.89
3.5598829210495997,15.291080000949552,7,5.863339452847734,3,7,5,4,3.897935313172225,8,4,6,23.92
8.894469315404734,7.0932416182518985,6,8.463672169245157,1,8,5,7,6.653930068617605,5,6,4,23.93
13.792730911115576,9.209245488985289,2,3.41745743710952,4,6,6,4,4.205218987268847,3,5,2,23.93
4.445645389163781,8.290400513841501,2,5.401134366270682,3,9,7,8,1.1761569239453689,4,7,6,23.94
3.023444291663929,8.810621882753303,2,9.52900468468038,1,5,6,10,5.497860555852387,6,8,6,23.96
7.950799362589383,2.0911914571157237,3,4.513537004203467,3,6,7,8,2.71071190273329,2,6,9,24.0
8.722821408961822,8.087251235492703,8,4.872370915432443,1,5,5,4,2.198477793193301,7,8,4,24.0
8.469731431619588,5.160156102822699,2,6.181847681206638,2,6,9,1,3.735593277254351,5,6,8,24.02
6.678987266293264,1.4323153509636113,8,6.055362203992629,3,8,8,7,14.561111757002454,4,5,3,24.02
1.1786573145400763,5.7989806767689505,3,4.96997587116206,2,8,4,10,0.4229243783346946,7,7,5,24.04
4.7398732069101985,13.316628675534304,7,7.534052632393546,4,8,7,5,3.1892492192611623,5,7,3,24.05
4.698459824287526,12.051720426475704,4,5.560793458877226,2,7,7,2,1.1869582871568247,4,9,6,24.08
5.002397336927158,1.0,8,6.771124104832519,4,10,8,8,2.996182831311455,5,5,8,24.14
7.572387468165069,9.898756787725006,4,6.223411345389865,4,7,6,5,1.5780829414771478,6,1,8,24.21
8.397994658254145,3.0207515260959372,3,5.933394543006804,4,8,6,4,7.734296638160701,2,3,6,24.23
10.432272796524387,5.391396488209804,3,7.673869966251983,3,9,7,8,6.675035317810128,4,8,5,24.26
10.164991576181585,5.360416434708332,2,5.404756370048039,2,8,7,7,1.9815366100459537,7,9,10,24.28
11.428265293403246,1.5454433112489694,4,9.053202546872615,1,5,1,6,2.215487139714429,4,2,4,24.29
12.752163030148454,1.6121168144801135,5,7.232525589168609,3,10,10,6,5.948860594136138,9,5,4,24.35
7.09599579866282,1.9499309638045401,8,5.395685775442519,4,6,6,5,5.375193953690705,3,4,4,24.37
3.010643582335995,5.377053280046541,4,6.377274368474786,4,10,9,5,2.859460064274442,2,8,5,24.38
9.2411847368665,16.0,4,6.472154082338612,2,9,7,6,6.7836788257041025,2,9,5,24.39
1.6754922685081912,6.627191446602709,6,7.406566961987409,1,8,9,2,9.648338104896352,4,4,3,24.42
8.944323876291609,3.1689369616190377,8,7.492803161702004,2,10,8,6,4.686473872640755,5,7,5,24.43
1.5441054500876734,2.683543016161747,4,5.814229388691156,1,8,10,5,6.951397838013711,4,8,7,24.48
9.951356262438102,9.375642684134622,5,8.689407629945668,3,9,8,6,3.204510659916684,8,5,7,24.5
11.291372393531372,7.688143374796619,7,8.220419867721361,2,6,9,5,1.9727265715059048,5,5,3,24.51
12.572621389051173,4.712427941555313,3,8.032301219398606,2,10,7,5,0.5281831050403124,9,5,5,24.51
7.995015357567217,7.006429674408766,6,6.090238547446778,3,7,8,6,5.033351917487887,8,4,7,24.52
6.62545329918145,4.319567246415355,4,8.023612110054845,3,10,6,8,1.5558176566394573,4,7,5,24.52
3.72487678493055,8.305310804348858,3,6.9539707320906246,2,7,6,7,1.7979601430629797,4,3,7,24.55
6.0586583779553616,7.6498397520091785,2,4.679475784733185,3,8,8,5,2.989230440293808,5,6,5,24.57
6.132262042660697,16.0,7,7.613104895073856,2,7,7,6,0.8778434576145695,5,3,6,24.59
10.667261362725748,3.8383312468672512,2,6.58299596463154,3,10,6,7,2.268322726040474,5,5,3,24.65
3.5011204010751933,16.0,7,5.1116853451409785,4,7,5,8,0.5136049960111041,9,3,6,24.66
2.2621241637648732,8.761925503826237,4,5.034910018443904,3,7,8,6,3.7292434454024934,7,3,7,24.68
7.435688641315701,6.671412333116571,6,8.102766884969393,4,7,9,4,1.4817361591712792,8,7,1,24.68
5.35423486037816,1.6207348087144544,7,6.889006061613073,1,5,2,9,5.814134988112322,10,6,6,24.72
8.441875946362554,7.266840209668776,6,7.0334715935735135,1,9,6,8,2.363157919071736,8,8,4,24.74
5.22630645986928,4.165662279372666,5,7.80195007012767,4,8,8,9,2.7082231891698263,8,7,7,24.78
2.7802253906739693,2.54369831870419,6,8.251523794314048,1,9,6,5,0.4895569569088436,5,3,5,24.82
2.3411737454834,9.429409055808286,5,6.534065340765068,3,8,10,6,1.0530131835926744,8,10,5,24.85
2.6310058773060696,5.559662905331516,3,5.192516428136096,3,8,7,5,4.744103903533177,8,1,4,24.85
6.271465062119401,4.612682111214769,8,6.677882755981006,3,7,9,4,4.095552325241714,6,5,5,24.86
2.309686537739987,3.8355281373618895,3,7.796736363101241,3,10,9,3,2.0214324905841745,8,5,6,24.89
6.082701268993068,5.194249920337643,5,6.846940721108999,1,10,7,5,1.177769680018843,9,8,3,24.91
2.4923600952047624,7.184608544919662,6,6.252537510096503,2,7,6,3,3.3603903964562893,5,3,5,24.91
6.743983817199263,5.80314102640228,5,7.342836629515631,4,7,7,8,1.2698089906495034,7,7,3,24.93
8.029616541418198,4.3534514495264425,8,3.0,4,7,6,1,0.6059851666249215,1,4,6,24.93
4.135120370571446,3.664866153628243,7,5.68199799724273,3,7,6,4,6.0264827155699505,6,2,4,24.95
12.70068211738026,3.8321853090838505,7,4.966471266555107,3,7,8,8,8.676590897535524,9,4,5,24.96
9.49515596028997,5.34751610466052,7,6.0668787731461045,1,7,4,2,2.507609792870159,4,3,7,24.97
8.321251118362028,5.782168622687185,3,5.264814515674501,2,7,7,4,2.3193550955894313,4,4,5,24.99
6.419801439475856,4.361724111888989,5,9.705326330718558,3,10,8,8,2.063554930331789,5,6,2,25.03
2.8545732620688966,3.2418758187188628,8,6.204331638230179,3,6,8,4,2.8988702467147256,7,1,5,25.08
3.9063359615152984,2.842383518866887,4,7.111917219232493,3,9,7,9,3.898469427942952,8,9,3,25.11
6.446351117474395,4.235814049479271,8,6.123737782740857,4,7,8,7,2.8655752483353023,2,4,4,25.13
11.198332065694647,10.72253096661196,5,7.675500298659906,2,7,6,7,0.6465831700405003,4,3,4,25.16
6.311991934238439,5.893674442118008,5,8.683425518662109,1,8,10,6,2.8143313461635278,2,8,10,25.22
11.609769463381205,5.634426405013068,8,8.776419924095583,2,8,8,7,1.457133894289173,4,3,5,25.23
14.106459536391565,8.7726204748203,4,5.938077396124248,3,7,5,4,6.25170848422003,3,8,4,25.24
4.072550885815126,4.230136279006924,6,4.79150113214728,3,7,4,6,1.1971204357913134,5,4,2,25.28
3.955503726023875,4.101011778946832,3,6.642374597396457,2,7,10,7,2.408694706149053,5,7,5,25.3
2.9941547480367223,4.9499605783760865,6,8.0180600133715,3,7,7,9,2.4861186433002653,7,10,5,25.33
4.872912573433272,10.113325774470885,7,8.12517932345672,2,8,7,7,1.059419624989597,6,4,3,25.35
8.354561112610268,8.215532799997828,4,7.759013201765643,1,4,2,9,2.471877602374317,3,4,6,25.37
2.505428654423852,7.014607954787055,4,7.157300626474771,3,8,10,5,2.4036398377450734,5,5,8,25.37
6.6394547438939675,8.260547416740813,2,7.856510743194809,3,10,10,6,0.6689253649028607,7,7,2,25.44
3.8930201124757646,4.0674880955273105,7,8.136431695039814,1,7,6,8,7.210183675600759,6,7,6,25.54
2.8810115115525083,5.758757210587603,2,6.9333583741942935,2,8,10,5,4.022887445651964,3,3,5,25.54
1.0122154217288082,8.225472764543207,2,6.8971305584223535,2,8,8,9,1.436613786560523,4,7,6,25.56
6.789901469676213,11.634563157676057,7,6.598133274892016,4,7,8,5,3.0305847918800066,5,3,7,25.61
9.1073603336331,4.331559730681,5,6.810510788734198,4,9,6,8,3.7587379294744716,6,8,6,25.62
8.24669700986835,14.762605790357599,5,4.910222286013404,3,8,6,8,1.405970660665194,5,4,6,25.65
4.951840975355023,7.346812365816882,2,5.410405853166714,4,9,6,7,0.860350446746307,3,6,8,25.65
3.537389332880583,7.3665689377548835,5,6.558734671025657,3,9,10,5,1.9914351935171797,5,4,5,25.65
12.702971132085324,5.2104141642684185,4,7.134750197229722,4,9,7,8,2.3484098363833414,5,4,5,25.65
5.804225171198611,10.334571967100857,3,8.173063735207439,2,7,6,9,3.7624463703677056,1,8,4,25.71
0.6859529855658091,7.083573836881442,5,7.16641884804868,1,8,10,1,5.145174679557289,7,4,8,25.72
0.8795018816542847,5.847888619188301,8,8.31935497635397,3,8,9,6,0.7830434796768038,5,9,7,25.74
4.516445118868464,3.7969194204316805,3,3.4250347597258965,3,8,9,7,1.2695146452525148,4,6,8,25.82
11.950731268108642,9.118667060746503,5,6.485683960475763,2,7,5,6,0.4435694607390154,6,6,7,25.83
1.9628296204295428,8.937908421309972,3,6.274989831286626,3,9,8,5,2.559776899740882,4,4,5,25.83
5.674861751476308,1.747268485906308,3,6.417269519134896,3,7,10,5,2.403009234432764,8,5,5,25.85
4.184765101053492,16.0,6,8.624088759523035,4,10,8,7,2.369120500804122,5,5,7,25.86
4.844000203864922,9.137793378976744,4,5.805244715376434,1,5,5,6,2.3465352366196672,8,4,4,25.9
10.992378413094066,8.329121964511662,7,7.8124394878079295,3,8,5,9,3.522272749332928,9,7,8,25.98
10.95467121979133,9.126068996342504,4,5.663752099950694,2,8,4,4,6.40348151634117,5,8,4,25.99
2.1170438910807348,5.442956455263964,6,7.276691954377068,1,7,5,5,5.656449860530576,8,2,3,25.99
7.73251803565312,9.729269588100495,6,7.307256294726077,2,7,7,5,2.878287626108988,9,2,6,26.0
2.3254992532155363,6.855973735532951,7,7.893129071052215,1,7,6,7,1.5518132433451537,6,1,6,26.05
4.073578266195403,1.440193367779582,2,6.619810208875497,2,8,6,10,1.4734304933431597,5,5,8,26.05
12.320840557019205,2.1911112865604307,5,6.801010989703915,2,8,8,8,2.8100394965177973,2,3,3,26.05
3.517114369830792,5.667416766992156,6,9.776348181811017,1,10,10,4,3.1271550824243217,5,6,4,26.06
4.2352542108299245,3.2333339346001932,3,9.925836258840562,1,7,7,9,7.7986995611389025,5,5,5,26.07
4.8487177577908085,3.8490009263539413,4,4.7493819434293,3,7,9,1,0.8433008511687248,5,4,7,26.08
2.56805636615366,7.126724627469975,7,6.647254842138115,4,8,5,9,1.6943863408397968,8,3,6,26.12
7.5778799315420144,3.3070271302616354,3,6.425492651424984,2,10,5,6,1.7372198327841981,6,4,5,26.17
3.9913196952214745,9.577901593647798,7,6.337126707300674,1,8,4,8,2.057392434354415,7,5,4,26.17
9.012740488208127,15.35672239445286,2,6.451759811067197,3,6,7,6,3.3640300764404873,8,7,4,26.17
3.6542385836175324,2.2596933421453533,3,8.79265063549321,3,10,8,10,3.529377706520462,7,6,7,26.18
7.625390485332507,6.5268745119110925,3,8.129551306729894,2,8,8,7,4.511225848985556,3,6,3,26.24
4.974445571961066,4.139530537494407,8,8.843212498115253,4,8,7,6,5.7428396904009,2,4,4,26.27
7.145133861821215,6.437697979888003,2,8.491401773594552,3,10,10,6,3.333751443266676,8,4,6,26.27
5.467300436210916,1.156213335452731,4,8.841907412944225,2,10,10,2,1.778785001773276,6,6,2,26.43
2.235667682272789,6.15191906671082,2,8.564814786586297,1,10,9,9,2.260141612471096,6,6,5,26.43
2.4161371813248715,8.44068135670995,7,6.24843243454501,2,5,9,1,4.982275300613099,6,6,4,26.44
1.632561312449984,1.9722441798847423,8,5.710897807850873,3,8,8,8,0.972979957472751,5,3,5,26.49
2.9116251022705084,12.62444885771092,6,10.132928235528793,1,7,6,6,2.706355217273284,6,5,4,26.51
9.76469638613803,7.268739114768243,3,7.974987895615942,2,9,7,7,3.2051488432222626,6,1,7,26.51
1.4581207565669514,1.0426407569285439,6,7.75608120145294,3,9,9,4,3.391248620538224,6,1,4,26.59
1.7553903104179773,7.547771909292455,5,9.239949671384412,2,10,10,3,2.1974887379794437,3,8,5,26.66
14.81404538676646,7.883381439459546,6,8.383753375045329,1,6,6,6,3.5504373697686145,3,7,4,26.67
3.916417300797609,3.634822138286589,3,6.216967750939818,4,7,4,10,5.042203462914754,4,7,1,26.7
3.2246103567031676,6.8961201935310115,6,7.659654371083797,3,8,7,6,2.4877793120760208,6,2,9,26.72
8.05362011827856,3.154818014182519,3,6.287648189239736,3,5,9,4,2.4480903233969116,5,3,5,26.74
3.9249377046302407,8.887741841469163,7,5.468923758458866,4,7,7,4,1.3772895818374291,3,7,4,26.79
3.2698002376076234,16.0,6,6.5734506939710275,3,9,5,6,0.34294770660240165,2,5,3,26.79
6.215452923734933,4.679615819545186,8,4.2667987088465775,3,7,9,1,1.8173492411832257,5,6,6,26.8
3.3276688477278182,9.265944506727475,2,6.289461260204958,3,7,10,4,6.301951843624596,8,6,8,26.83
4.131213095825621,5.017277957141822,3,7.258044052372943,3,10,10,6,3.138192258961622,8,6,4,26.87
7.918835659310417,16.0,7,7.244565786171607,3,8,9,1,2.5591364726492922,6,7,7,26.87
4.30471050757232,8.898228713474372,4,4.379591282524952,1,9,6,4,1.6611684078608968,5,8,4,26.88
5.912234041987191,3.0244127556163547,4,5.981002797608778,1,8,7,6,5.86381036798067,3,6,4,26.89
5.4950091122379625,2.1480677811168354,6,6.845959957299855,2,9,9,4,4.408955323925279,4,9,4,26.95
12.877951438330367,3.460483076271899,8,6.140510342553415,3,9,9,5,3.097193802944462,9,6,6,26.99
15.402227883734845,4.594684345199189,4,7.107625083221755,2,10,8,9,4.528730156298313,4,5,8,27.0
3.68040768143885,4.281035022909101,7,10.608467355395398,2,10,7,7,2.8099798031941647,3,3,6,27.01
8.40019778205136,4.025627973975459,8,6.814666942865432,1,8,9,2,3.307103000864932,9,8,5,27.02
4.7729270751728645,1.2191281058528092,4,10.180602836266111,3,8,7,6,5.725674959165404,4,1,6,27.02
6.593193506354943,6.073671822937295,5,6.945967376568452,4,7,5,9,3.5139450259026064,7,4,7,27.03
10.579865098180912,5.398297517011322,3,8.293986486815419,3,9,7,9,1.2964570563207563,7,8,8,27.08
4.7492796700201465,16.0,3,6.293475844757277,1,8,7,8,2.644981036779525,5,7,5,27.08
2.863620916228593,12.08343397937111,5,9.22915530789815,2,10,8,8,5.253473978436811,4,3,4,27.08
1.3742144617531784,8.245241252575472,2,6.801908131035384,2,10,5,8,4.538976607587576,7,1,9,27.08
6.822539748024319,2.266175071763325,3,6.164855090622729,2,5,10,6,4.011192745958304,2,7,5,27.1
2.9202089674490725,1.3627912267970768,3,8.047163961192874,3,10,10,4,3.536375605607052,5,5,6,27.1
11.440812344807506,1.0573721676971397,7,7.784305636361616,3,7,9,5,3.165642132534946,10,5,3,27.13
2.8917558570398727,1.830503003043889,6,3.838131071137778,3,6,5,7,2.90264373481055,7,1,10,27.18
5.638298249472202,3.026618787959175,3,5.062659386412031,1,8,3,1,1.8190381048912847,6,1,6,27.18
6.16874772683572,2.6466508250638574,8,5.861439710963788,1,6,6,7,1.1604939946860435,2,7,8,27.19
3.415067144067029,16.0,4,8.997386977044938,4,9,8,9,4.001752392814522,7,4,7,27.23
5.035903575708575,10.194199162903832,6,5.249358713913878,2,8,9,1,1.479614093706762,5,6,5,27.25
3.797763673432688,5.743344335733829,4,7.568301668453743,4,10,10,3,0.8306687036470045,3,4,7,27.3
5.811830060639158,7.02667151423571,4,10.172600795792757,3,10,10,4,1.3026856700187486,7,6,6,27.36
6.905297362155811,4.170576428090982,8,6.244625372836191,1,8,7,6,3.4220039399169773,3,3,4,27.37
11.912870993207408,4.914717580310165,6,6.773993361144615,4,8,8,8,3.9055469944371475,8,8,4,27.42
1.9212708093594977,2.0836137254678193,8,7.333166768787752,2,8,4,8,1.680075420680845,6,4,4,27.48
3.9582934915810655,2.534935785347701,7,9.6416391223012,4,10,10,5,3.294981454580142,5,9,5,27.49
7.451712237956386,4.251927854493047,2,8.492069514049632,2,10,10,3,3.909100648359414,2,4,9,27.52
9.003346939340444,8.35246109313713,3,8.84514906869144,1,8,9,3,0.5124112548613425,4,4,5,27.52
9.5279842570744,2.5046673982492984,8,7.481694036193353,1,7,9,4,6.473525723325446,7,5,3,27.54
8.11116562595473,7.0800498631598145,6,7.523703628605024,3,7,8,5,7.561946880447367,5,1,7,27.54
4.980314426298623,3.901378165207536,8,6.72276908047007,1,8,7,3,1.9044101538633593,4,2,2,27.55
1.977996473497325,1.3195948357400695,3,6.347624886577138,3,10,10,8,0.7276800178874777,6,7,4,27.61
3.427734285947788,4.002265348590488,2,8.068660899220177,2,9,8,5,1.756479557500595,2,3,5,27.62
6.3481015273733945,3.6980911659817943,5,10.03762084201489,3,8,7,7,1.4662895171064312,8,2,7,27.62
5.64743573402408,1.2295964677077065,7,7.4172110070850445,4,8,10,3,0.6492675934279177,7,2,6,27.63
3.578925277466195,2.5267816544893935,7,7.528579783446014,4,8,10,1,4.740613317913145,4,2,2,27.63
4.998125099802408,2.1681637865623613,8,6.673885326414019,3,7,7,10,9.145342208448762,6,9,6,27.66
6.280349417391539,4.882928229773034,5,6.047588774437051,3,6,6,10,3.0496484713105234,4,6,7,27.68
8.327255423433654,1.2471442769276648,3,6.245243214248935,1,8,10,6,2.711544416801457,5,3,9,27.71
8.601207232897632,2.6253775160741153,5,6.364311340781665,1,8,10,3,1.8193647340028485,4,5,6,27.73
2.65434873767799,3.963102193502218,7,6.283529990013733,3,10,10,3,1.1384778961943824,4,7,10,27.76
3.5076822385632136,10.595108595259779,3,6.875909661853525,2,9,8,7,0.6434172798307568,4,6,4,27.79
4.068296522356025,4.119664406081903,5,8.728745192017772,3,10,10,5,3.044781303427203,5,4,4,27.79
13.155734304784964,2.457396590147404,2,6.710479828197571,3,10,8,6,0.6564026037755468,5,2,6,27.8
5.540237705836677,9.450800288959506,6,5.387650218453508,3,7,10,4,4.52433421959319,8,4,5,27.8
2.7805326918450524,11.353386815990618,3,6.92082259179325,1,8,10,3,3.5393419670268704,1,8,5,27.84
8.673584602757309,8.511183661590467,4,9.32010647944389,2,8,5,8,1.492367046262228,8,1,4,27.85
2.843817319260557,5.959010601657115,4,6.133075163561859,3,10,10,8,1.88940763178134,9,7,4,27.87
6.346957133915741,2.525151602561792,7,6.309566223650007,1,8,8,2,5.87747694218077,3,6,8,27.99
3.5575066169740563,5.001559711892871,7,6.979530815983888,4,10,10,5,13.412838521995585,7,6,3,27.99
6.051462858251772,2.0290002215370087,3,6.632621551276088,1,7,6,10,3.0305597906805444,7,8,6,27.99
6.534677933073521,9.648585507850646,3,8.934105754794903,2,7,8,7,3.723212087354835,2,5,5,28.02
7.000987039886942,3.089612131889847,2,5.26355463101236,4,10,6,8,3.050899583954548,5,4,5,28.06
4.8574711164358,11.974423315391649,7,7.5460977076346625,3,9,6,8,8.318521932724343,6,2,2,28.08
5.0065592163699915,7.141149042356696,8,10.50938993943687,1,10,10,1,1.98459465842969,2,7,5,28.08
7.933220470657209,5.853085444656991,4,8.687556997724561,3,9,8,6,2.3684867146986384,6,4,4,28.1
2.9488774652192333,10.848329070060634,8,6.341868621111221,4,8,6,9,3.120884048971321,5,4,6,28.13
10.848477655544764,11.127323727474455,8,4.650105645892112,3,7,8,5,6.191217271005155,3,4,5,28.14
3.7024516309542994,6.935678341014121,2,8.377692670314064,3,10,10,5,2.612597861173231,5,10,2,28.15
3.5882949907597457,16.0,4,6.613757644751123,3,10,8,10,3.300580527975685,7,6,5,28.18
8.91511036831205,3.4818444471816177,8,10.262509073210065,3,7,9,5,3.3848611404515516,6,8,5,28.18
9.129327757160565,4.437237585071347,5,7.50018954521304,4,8,10,4,4.078325243317128,6,4,6,28.21
7.65079355253909,5.448216033097123,6,7.9576783458817495,3,8,9,5,6.54849096272983,7,2,5,28.22
3.4197828409162327,2.2020946113679547,7,5.836470442618718,3,9,6,7,4.084322351549532,5,5,5,28.23
5.794746534282975,7.984182949153741,3,9.061624741529364,3,9,10,6,5.992693283423628,4,10,3,28.25
8.771817440721698,7.756470515414109,7,4.894550442809274,2,6,8,5,1.60560879965102,2,6,10,28.27
3.9840809152827994,1.7590612033520996,2,8.364513152105642,3,8,10,8,1.398518075835767,4,4,8,28.27
5.48731994179796,3.78420445350635,6,6.992798560575836,4,8,8,3,0.35213769339231077,5,2,4,28.28
6.083552076794355,1.7052434672197136,5,7.986768022329197,2,10,8,8,0.48221123370837804,6,8,3,28.3
7.773569042536277,4.89468916259233,4,8.724222768747401,2,9,5,9,1.0174012529231693,1,6,6,28.34
5.295506039227609,7.960047439073651,5,5.096736262071285,2,8,7,7,2.7188550913922285,7,2,7,28.35
5.0447679247940505,10.731138182055936,2,6.843270172669974,2,8,9,4,1.1863678576609726,6,6,7,28.39
5.427837122553472,3.1519718234168526,5,10.953915244054135,4,10,9,6,3.040602904704532,3,2,8,28.43
3.1020578931949743,16.0,6,8.29789714030443,3,7,8,8,3.4713799350848924,6,6,8,28.48
6.771954262690248,4.606556959841125,6,8.691494703815907,3,7,9,5,4.758469870764626,4,6,6,28.53
8.811415486947027,11.144947976864213,3,6.004643937473318,3,9,8,6,0.48137562975343656,5,3,7,28.57
2.0254225281423937,5.26640286680668,8,6.930288330586341,1,8,10,5,13.44748115537138,8,5,5,28.57
1.0935334836372825,7.276887052225199,6,10.168087024920636,2,10,10,5,3.231304107761616,5,6,5,28.6
3.477533180418398,5.083160112272123,7,4.3108670269558225,1,8,8,6,1.8087573335090938,7,3,8,28.62
4.500890918508557,13.582332302380369,3,7.951799630370258,2,10,9,5,4.465588658799898,6,8,6,28.63
8.24585242876777,5.702613062117614,7,6.048495383219287,4,8,8,9,4.648589898414081,3,5,6,28.64
3.5960914322604713,4.911038917170845,5,4.684293927660214,1,8,10,1,0.66131363554879,4,5,3,28.7
5.352591882889252,2.2359729680112808,7,6.481675550348722,1,6,9,6,3.852742462566845,3,5,9,28.75
5.789556289946498,1.6135737037171882,7,6.343135370417032,3,10,8,7,1.5534110055566548,7,6,4,28.78
6.520592230296691,4.779152182024344,7,5.095134399380916,1,8,6,5,0.7378263072952711,3,5,4,28.79
2.7076043952456033,6.552593913062381,8,9.394387402812482,3,9,10,7,1.584198670333707,1,6,5,28.79
2.3524242706333007,5.656268939420729,3,9.995984174098304,1,6,7,9,2.382514445485973,8,7,8,28.8
3.8367218600435473,2.3237493897336554,4,9.44034940804341,1,7,7,10,0.5899252346488914,6,9,5,28.81
10.164939464552862,8.144049545877346,7,7.970837102034797,3,7,8,6,4.78788317467425,7,3,2,28.81
2.532643747778906,1.87457111298786,5,7.546030969837615,4,10,6,10,1.892605190177687,6,6,7,28.81
2.963263839481834,1.0,6,5.968162377102291,4,9,7,3,1.6076312582146814,7,3,3,28.82
7.099976162649208,6.237126402870695,4,7.814501433436193,2,9,10,3,1.7724346976881529,7,4,6,28.86
7.146163835324716,4.224698484557299,5,8.2169387113428,3,9,10,5,2.9495034602845864,3,9,4,28.96
6.313847165633857,7.709089144914147,8,8.676674161727892,3,9,9,8,1.5722243848546915,5,7,6,28.97
9.079438736347203,1.2221825337634589,2,8.623350582617233,4,8,9,4,3.375877654184784,3,6,4,28.99
4.6159908588187735,6.986298448435553,3,8.29091163140115,1,8,10,7,0.7595850910556897,9,4,6,28.99
4.911833084368956,6.083905322623577,8,8.097076810448437,4,10,8,8,3.384014759313253,6,6,7,29.03
7.078498721024833,5.973712570460583,5,6.60689085877789,2,8,10,3,7.004355668805545,4,4,5,29.04
11.881196208153721,7.147053031810992,5,8.049909308692515,4,9,9,6,1.4990070170964633,4,6,6,29.05
4.071732208601658,8.031902231565867,3,6.1719543412296,3,9,9,8,3.497409279596516,7,6,6,29.06
7.976989163094445,11.696140849192675,7,6.856574802669197,3,10,10,5,2.6125478503687054,4,9,2,29.07
10.44169871008514,7.086595555865816,8,6.419992476004737,4,9,8,5,0.3348348635738523,4,3,6,29.07
3.046978085438207,4.829089354849188,6,8.348120257515136,1,8,9,4,0.42626866796706386,7,4,4,29.08
7.096320060475579,3.2848720758388654,6,8.10392392899061,2,7,8,8,1.6579615997085757,2,6,4,29.08
2.0445423990497402,10.98464159927179,3,7.267922503273619,1,8,10,4,6.837453764100644,4,4,5,29.09
10.732042193127743,3.184559939048388,4,8.915052273552506,3,10,10,7,4.504801102685159,8,8,6,29.12
10.97765358663101,8.64683382572074,4,5.420865794827639,4,8,6,6,2.7326731373131667,8,8,5,29.13
5.181346287196842,3.7396157992968244,4,8.092074107956153,3,9,5,9,1.501324345213061,5,8,5,29.16
6.759125004447252,6.362345800432687,7,7.254032132902529,3,9,9,6,2.4564121752227686,6,4,6,29.17
10.161478867311601,4.341939803367894,2,6.440778162164756,3,10,9,6,1.44608835437212,6,5,7,29.24
4.572128823448378,1.0,6,5.914869527165051,4,7,7,10,1.899530210088397,3,6,6,29.25
3.071032300262236,2.134961555371341,7,6.818899284785206,4,10,8,8,3.600635498915989,5,4,5,29.33
6.92140341609656,3.216812488583751,5,7.161702039592693,2,9,8,8,0.9231372586157269,8,4,1,29.34
2.5991006184337673,15.431320160116748,6,7.657175785971539,3,8,10,5,6.646243090850019,9,4,3,29.35
5.724513068461599,4.0298260569810544,6,3.8362538488295925,4,6,9,8,0.1512103775863234,9,8,2,29.36
9.876372619435248,4.248248261080525,3,5.43290600251551,2,7,9,2,1.4419276582460538,3,9,8,29.41
3.55565992352678,11.24985264040771,6,5.091891068502257,4,10,8,7,0.9863877093775197,5,9,6,29.41
10.802357700602581,3.176017595598535,8,5.262051858302804,4,7,5,9,6.730530353504902,2,4,5,29.43
3.15765943098174,8.947913548870964,5,6.510023810070943,3,8,10,4,1.5103336645200374,2,5,6,29.47
12.3894624011567,8.234300481926336,7,7.079648654590477,1,8,7,4,3.6926629457007385,3,2,4,29.51
3.136784482866437,12.724479139506009,2,9.753600712782447,4,10,10,8,0.5490280633685277,7,8,6,29.52
9.20495983097897,16.0,6,6.156047424645445,1,8,6,8,1.7866344281406732,7,8,3,29.56
2.265786738366356,16.0,7,8.896141629027607,3,10,10,5,3.305978184622271,6,3,7,29.57
7.619544449544586,7.736478092632399,5,7.142705144739173,3,9,10,8,1.4884435876080124,10,6,4,29.58
7.185123884878545,6.074007639660249,7,8.633599290400339,2,9,6,10,2.1664388482535406,6,5,4,29.6
3.938007553266062,9.80902079068939,7,6.560272284055672,2,8,7,6,2.4904892540529184,5,2,6,29.64
2.993936684763594,3.2827922300939427,7,11.088924352847577,1,10,10,8,4.349591716313733,5,5,4,29.64
8.946344769138383,16.0,8,6.610608258462668,4,10,8,8,5.754643589864876,5,10,4,29.65
8.458682593617386,10.024453133542785,5,7.5387283209205185,4,8,10,3,3.110448899371874,8,1,3,29.66
5.899940772244841,2.9855565098749883,7,7.284449734921173,2,7,7,10,2.8640484894614557,5,3,7,29.67
7.741459974494312,2.7873538397975786,6,8.581348468022291,4,10,5,7,1.2294394195761384,5,9,3,29.71
3.424973638392789,12.898489783260638,7,5.128064996090027,2,8,10,7,8.052141139453568,4,5,5,29.71
8.726932859497133,2.5149604307558944,3,4.333486329726875,3,10,7,5,8.173524540306952,6,4,1,29.72
5.526242538049209,4.843898710079476,7,10.508585657286964,1,8,9,5,2.6358787806726616,4,5,9,29.72
5.564682002544033,6.976131020828246,2,8.003277668871679,3,7,9,8,4.14579413591605,4,6,5,29.75
9.004354629468445,2.5115539130971136,7,6.571933354630526,3,10,9,4,5.143431616456289,8,5,4,29.8
12.324398585127962,2.049180642997345,4,6.18008575441177,3,8,10,4,9.339247688670204,6,6,7,29.88
4.963848427354124,2.903251322077967,6,5.581451538174367,3,7,10,7,4.289548127958399,4,6,7,29.89
2.3403264370563166,8.990797736343547,5,7.944905922733904,3,10,10,6,2.4125578765309386,6,5,4,29.91
3.288970254247744,8.91673049479446,7,7.27863391193411,2,9,10,7,0.7748537644191776,3,6,4,30.01
11.106144622905354,3.909532257083819,7,3.0,2,9,8,4,2.426841610373431,9,4,4,30.06
5.223335982187521,3.841267162012081,8,6.960711238791636,3,9,10,7,4.568911036734515,6,7,5,30.1
5.524041976437363,7.95776174129839,7,7.365027139143552,4,9,10,7,7.6459489441056965,5,8,5,30.14
5.010318314552035,7.007531605059435,6,5.92213994972636,3,7,9,4,1.5322035727106602,5,6,5,30.15
10.3326894224807,5.46195212723831,8,9.100321807598485,4,9,10,5,1.1411858851564953,7,4,5,30.15
3.5771616095935173,7.247320504287736,3,7.44864046722561,3,10,9,7,0.6794667058018179,5,7,3,30.18
3.5096908321845293,6.479308640804387,3,6.4605882320965335,2,9,9,8,2.9456599801087204,6,8,2,30.18
11.707667198124536,3.1051916276817075,7,5.987188970884164,3,7,7,6,4.50319365915473,6,2,7,30.2
6.005789490237449,9.80224468539316,4,8.813306599338413,2,10,9,7,2.1162576527834243,4,6,4,30.21
2.3712276469148903,3.999721215100693,3,6.919619018390383,4,10,10,9,3.5784501383664944,3,8,7,30.22
8.718349079650373,8.323489933772088,6,4.738969190288124,4,9,6,8,1.175901140750344,4,8,5,30.24
13.4548083528801,4.8135224803007315,3,7.992822886558906,2,5,3,9,2.711961935858611,6,3,4,30.3
1.9675433237636872,3.479820854444985,6,4.605013422412943,2,9,6,9,5.1190748191262205,6,8,4,30.37
4.426730965000344,12.883796479209702,5,7.131133643133266,3,10,10,9,3.203017165000985,7,5,5,30.37
7.863793528387238,3.6082779478476743,2,10.842348431016434,3,10,10,9,2.769670478856825,7,5,5,30.38
6.074810705679913,5.680745115109591,3,6.6085640347151315,3,8,10,8,1.300857999499135,7,5,6,30.39
3.610927931478111,5.769700083818114,8,7.21406765228562,4,9,10,9,0.12418212262702438,6,7,8,30.39
2.344893953947179,9.171615237366668,5,5.79748584587883,1,10,6,8,5.537521863586624,4,9,3,30.45
10.202620147466439,9.46937068230611,5,7.0974259959554065,3,9,7,9,3.3961017112135528,7,5,8,30.46
3.230883738951488,7.358124916682735,5,8.232219113187682,3,10,7,9,3.120388304494896,4,7,5,30.52
4.833384019626721,5.7162782929569325,8,8.415087547388081,2,10,10,5,0.6588789585774629,9,4,8,30.59
2.0589845997595955,5.866913984008674,6,6.600672321064116,2,10,8,9,2.271768953702315,4,4,7,30.59
7.7116807699194485,4.02327186989073,4,6.445515005147871,3,9,10,8,0.32490026862690863,7,5,6,30.61
1.2322173919721595,4.391169422392438,6,7.900984932571984,2,8,8,10,3.04619252411092,6,3,6,30.65
3.391382271974572,13.602381060161267,6,6.112229980597281,3,10,9,6,2.222356132501148,7,6,6,30.69
7.707399571461512,6.524124528580111,7,4.902252877514066,3,5,9,4,1.4707974771813892,4,5,9,30.72
4.273869804522112,2.692979719463815,2,7.605841054349666,3,10,8,9,2.1192572657156847,3,3,5,30.72
2.337366417543255,3.2064490292173304,8,7.298632427644276,3,8,8,7,0.15194071333254627,2,1,7,30.79
4.8184448158093325,5.871086559146138,2,7.562783726957386,1,10,5,6,6.921055729750234,2,1,2,30.83
5.53506339564454,4.250859776483019,2,4.962310034641769,2,10,6,8,0.8965232015264402,3,6,2,30.86
0.6790086017084654,4.71162667663449,4,9.39828889803358,2,9,10,9,3.31834134297261,3,8,7,30.86
7.315694651714139,7.615138776448408,6,6.876944326449229,2,9,3,10,2.9060489386844632,4,6,4,30.92
2.862411151831222,6.260675487979332,5,7.125141041916331,4,10,10,8,1.1781288513710992,3,8,7,30.94
2.6376361488030926,5.452718848736376,6,6.927994137171447,4,9,7,9,2.2629487332018616,4,4,5,30.96
9.159492290254443,1.357829614742023,8,6.115994586879347,3,6,10,7,0.9272559764863076,7,6,4,30.98
3.9892610324185775,5.864172261006356,8,7.4508049604433335,4,9,5,10,0.5119375241056977,7,5,6,31.0
14.672473324289726,4.825558160634192,6,7.937344747197649,2,9,10,5,3.3901556884975705,7,7,3,31.0
3.9837838382705444,2.528423977772935,4,6.4214537827713665,2,10,10,8,1.6334155287996317,7,7,4,31.06
7.3148329220640615,1.895966376578686,2,9.990538801049649,4,10,9,6,0.3163642386312402,7,6,2,31.12
2.9724720676039995,6.090471392490522,7,5.4242253955167286,1,10,8,6,4.6607568310963225,2,7,5,31.13
4.981909949713903,4.069885884900496,3,7.905920102144492,3,10,10,8,1.8181389039316147,6,5,3,31.13
9.465633108366852,7.329859735835715,4,5.659049160967156,3,8,9,5,1.4902049133283541,3,5,3,31.14
6.347399006873458,3.5787413650017807,2,5.906464982973757,2,8,10,6,7.848168395460841,5,5,4,31.17
3.5647255954079236,1.9257686925154338,5,7.223652964274075,1,9,8,10,0.47751656184723656,5,8,8,31.18
1.4368818720710252,2.778972583150629,6,7.621988835049006,4,10,8,10,0.5675865807169949,8,3,6,31.18
6.9038314593682895,4.364960755064786,6,5.190563672392043,4,9,6,8,4.875181116598116,5,4,4,31.21
11.909157727460142,14.611547674384745,8,8.876808413026726,1,10,8,3,1.6582135339227515,5,6,6,31.23
10.191573210173765,7.849771881730108,5,8.20628400368584,3,7,7,9,4.261341676394528,8,5,9,31.23
9.893162202615635,3.617281696053408,6,7.131084786007466,2,10,10,6,0.7550226804851626,5,7,5,31.24
12.780680266441493,11.2905705273178,3,9.324335877926984,2,10,10,6,1.5087006078521634,5,4,7,31.29
2.2011478327093488,6.1207339418617845,5,7.767142352660194,1,10,10,3,0.8022443016683883,6,4,5,31.3
3.5202736652476965,10.313521855814225,5,7.108899719010265,2,9,9,4,3.8497490937154635,3,9,1,31.31
12.10508034820985,5.310769321020681,8,7.521325396982096,3,9,10,6,4.426282449562985,2,5,7,31.33
3.5767710644119584,4.766951947864836,4,5.663109826020636,3,10,10,3,4.880334268056162,8,4,4,31.37
7.167508185597956,1.7801039834749213,7,6.628359464365624,3,8,10,1,1.2307713066548727,4,6,3,31.37
6.304040668145228,5.419748835973963,3,5.694263301593114,2,8,9,5,6.339473424115063,4,3,5,31.41
5.761341254523633,10.083699306075879,7,7.69043093678736,4,10,9,8,7.20075718389452,7,5,4,31.41
7.5157031044326335,2.8548880233135536,2,6.395782632629195,1,10,8,9,3.5948847468468976,6,4,9,31.44
9.5175345849182,4.946237556423399,6,7.5901510782196455,4,9,10,8,0.36068214628315765,6,6,3,31.46
4.685435723815701,5.840357882685266,8,5.289593564123513,3,8,10,8,5.293157018308521,4,5,9,31.48
5.179004709516021,4.448078079873033,2,6.33485442108135,3,9,7,10,6.649154740398222,4,5,5,31.49
3.435821956646488,12.078013026038178,2,6.925482194463667,3,8,9,6,4.612873643346186,2,4,3,31.5
1.7943091300639582,2.192526487736556,7,6.973078727637077,3,9,9,10,10.46823066985559,4,6,6,31.53
2.16040618794066,3.8296493118652024,7,8.435633078396366,2,10,10,6,0.20591116791855427,5,6,3,31.57
8.38259692244188,4.623862546947428,7,8.732316548325787,4,10,10,4,1.9594064295352966,3,5,2,31.6
8.729731574549286,9.856618531938645,7,6.980171217110539,3,5,2,9,2.918063112948027,1,3,4,31.63
6.315417250832192,3.7690197990657337,2,7.962318108759606,4,10,10,9,0.585685763032788,4,4,4,31.64
2.079434314654535,10.855691513015149,5,7.670627343823922,3,8,10,5,8.50756006360903,3,2,3,31.69
8.944978639278219,7.729435414685223,8,4.888746110078438,3,9,6,8,0.5933098280982687,5,8,7,31.72
6.8977353698240265,12.648789982408175,2,7.36209461184625,3,10,10,7,2.0716986736004195,8,4,5,31.73
9.408187943857843,6.402813858357122,4,6.883668545542233,2,7,9,5,5.08580992935469,2,6,4,31.8
3.4382495915779954,9.997158480904181,8,7.863205076435139,2,8,9,7,3.0758689022835233,3,3,8,31.81
4.11472756292621,9.864734879364235,3,6.871126818971133,2,8,10,7,5.973484171663238,7,5,3,31.83
3.5373112845632564,10.230421236778046,2,6.56017937169505,2,9,7,10,4.125965517966476,2,9,5,31.84
6.820467516459585,4.956263674492,8,6.55931184472657,2,9,10,5,3.1492918672197487,6,3,5,31.84
1.8747388100162579,13.746379716320213,4,7.264660385675562,3,10,8,4,1.724323151471633,3,2,2,31.89
5.0138838630505935,3.257703162867351,7,6.794526306852939,3,10,10,7,5.024882423854337,3,7,7,31.95
0.6282238605409204,5.778840964402228,2,7.339430254002249,1,9,10,7,4.593782755752423,3,3,2,31.96
5.3798432867771355,7.374286262895122,3,7.825546755626596,1,10,9,10,3.8591878079778263,6,8,3,31.96
3.1560088513092563,1.468086078374211,4,8.345730334382687,2,10,10,4,1.3577788862747677,2,3,6,31.97
5.268977050912666,6.7341279618222005,8,7.605119602469936,1,10,10,7,2.4603833533483486,4,4,6,32.03
5.7865736585243965,9.15888533299734,3,6.952208444208526,3,8,10,3,5.612786179866066,5,3,1,32.04
4.785193002275932,13.032149742786128,5,7.338779081312699,1,10,10,5,6.499583595669057,8,3,6,32.07
6.501615280033571,5.490593463906185,7,7.621085234109916,3,10,8,5,6.979044946873191,6,1,5,32.07
12.752838407671959,1.176383869948779,7,6.496631522983151,4,9,6,7,1.8221478652234553,4,2,6,32.09
5.112655081735602,9.45032270413673,2,8.817120529112652,2,9,10,9,1.4530394793107946,6,7,9,32.11
3.5816917566964124,1.0182426558982194,7,4.315375286183809,1,9,6,8,10.186250555282609,6,1,5,32.11
4.938920744951398,5.471524360756047,7,7.917923057083308,2,10,9,7,0.2345927233926323,9,9,6,32.14
2.0167318727056127,13.03694330977591,8,4.969267507081368,3,9,9,4,4.084951247787108,4,7,5,32.22
4.172248998937698,8.10548019178402,6,8.059879002544047,2,10,8,9,2.778213923076228,5,4,4,32.23
5.408384192255089,11.384487667337037,5,6.564787305218432,3,9,10,6,1.052790028839044,6,5,7,32.25
13.54434802930735,10.122756713874537,2,5.798705021070023,3,8,10,7,3.0318103398376532,5,8,6,32.32
6.322736581628039,7.993774271279608,6,6.678327417154358,4,8,6,10,1.496294091488812,4,4,8,32.38
5.114466628480121,13.59986957272017,2,5.585708255861075,2,9,8,5,5.579221537610807,6,5,5,32.44
4.938972021982595,1.7212996473656828,7,5.025523979165435,1,6,9,3,1.135298281195643,6,6,6,32.46
2.89330872318705,6.01508238509893,6,9.764501071426114,1,8,6,9,1.7857580944013896,2,5,2,32.46
4.708954285454963,14.477562947419925,7,6.219695258871226,3,9,9,5,2.0237417421048045,6,5,7,32.48
6.798043267951607,7.387949205711841,3,8.71077461514334,4,9,9,5,3.5892667659986093,5,1,1,32.56
4.902506036589771,3.0713357288540184,4,6.43301249322233,2,10,10,8,1.4905923230443952,3,7,5,32.61
6.195646777954406,3.79010020480655,7,6.8330889317738706,2,8,10,6,0.585548670218819,5,4,6,32.66
8.598176038686358,1.0,2,8.333280043156376,2,9,8,10,2.709764402491181,4,7,9,32.69
7.628515740411914,1.0,2,7.377455681141464,4,10,10,8,3.6491092378644394,1,3,7,32.72
2.3806611737556045,2.253625662093776,6,6.433917818770768,2,10,7,10,1.3641571225599647,4,4,5,32.78
6.154852159757741,5.5382674124970235,3,7.973645044356996,4,8,10,6,1.1961592158082712,6,4,8,32.79
8.778185043056338,3.749043512712187,7,7.072303956241441,2,10,7,10,2.0109580578622612,8,3,8,32.81
13.800123995856625,5.945032092109539,5,6.638481453192297,2,9,10,5,4.932949778902617,7,8,5,32.82
6.8347640928896976,4.06955693178882,7,7.206981019715486,2,10,10,6,2.7669945569349257,5,8,2,32.9
3.851903022141228,7.740972810102552,7,6.272716434081235,3,9,9,5,1.3884364671985114,3,4,10,32.91
5.42050968741958,3.8126502787922156,8,7.209764762437254,2,10,9,10,5.340597411974312,2,7,3,32.91
4.2371232666081955,11.7231193554038,5,7.398201371763564,1,8,10,8,3.386211381309635,5,7,7,32.93
11.357991086896135,5.41466389525336,2,9.369783476702262,1,8,6,10,1.1231414716193098,9,4,5,32.94
8.103941434584087,7.274939258421764,4,8.039293814206784,3,9,9,10,1.6070908743458125,5,3,5,32.96
4.1517542479988085,11.229547940155006,7,6.576481708782006,2,8,10,5,4.243406333126586,9,3,5,32.96
6.7881974378912995,7.438027342030887,2,7.6441074929519175,2,10,10,10,2.6914615173894583,3,3,5,32.99
6.323735237744988,1.9305363187455946,5,7.719207634593461,2,10,10,6,1.5213026061743582,6,4,8,32.99
3.60392610099632,7.5243486871175955,2,5.922012362829911,3,8,7,10,0.9113149220115931,6,3,4,33.01
9.897405562901882,2.632274130664088,7,7.352968950692383,4,8,9,7,3.3555533754005933,3,2,6,33.01
0.5,13.069414743698868,2,8.815758174875505,2,9,6,10,1.6560669086202724,5,3,5,33.05
4.608445123574743,12.378062059151516,8,6.250996086992104,3,10,10,7,1.1542036756938312,5,6,9,33.06
4.825864386417001,5.209171408203337,3,6.117897221149611,1,9,10,4,2.4158431098060666,5,5,4,33.08
11.209765045240811,4.668750917944853,7,6.287993694813947,4,10,10,6,0.6029489929703596,6,3,4,33.16
4.677184339245821,15.459495437216207,5,6.249950795885408,4,10,10,9,1.4123516779949508,7,10,7,33.16
4.580021915155777,5.380064213916342,3,10.384242207120067,2,9,10,6,0.7149540265159054,3,4,6,33.21
3.668097185517466,5.679809046353444,5,6.714416048180809,2,10,10,10,1.9686577634781541,5,6,7,33.26
1.098135604293912,4.7939095972332275,5,3.0,4,10,10,5,4.088961116888874,4,7,6,33.28
10.298007886123948,7.523094403618369,5,7.297393635668655,2,10,9,5,4.036402996681139,3,5,4,33.3
8.130208953429484,4.300743387201314,3,8.72074462060602,3,10,10,7,2.063113733124293,5,3,4,33.34
3.428182434886131,10.735368793334604,6,4.782057606962969,3,10,8,6,0.7023105469672307,5,3,4,33.35
12.219990250096696,13.180712584832253,3,4.8221829105163865,2,8,5,9,2.426217614216626,5,6,6,33.37
5.615352800766942,1.7809453662559758,2,6.820162079916503,4,9,10,8,2.9107531494142376,5,5,5,33.38
3.0454753654714475,8.25485096345878,5,7.469564458768951,1,9,5,10,2.964621667052783,5,5,2,33.42
2.4455165746102727,2.184437402177767,8,5.918417402969578,3,9,10,2,2.9224638214816276,5,6,7,33.44
9.410062065065212,16.0,6,7.004273316634149,3,9,10,4,0.8667760863645252,5,5,4,33.53
4.510460349668645,7.350281883277699,5,6.36772974192985,4,8,9,6,3.2547931272488264,5,1,6,33.55
11.74016482563991,7.124765924181667,7,5.745833816893767,3,10,10,7,1.2768179950065472,8,10,5,33.55
4.991847420502011,12.596503315926777,4,7.526492670744376,2,10,10,9,0.4780099607616464,3,5,7,33.56
10.750653804497484,5.28708648035347,3,6.277557332063966,3,7,7,10,3.8754089337759035,6,5,5,33.6
9.356547857928087,3.6437495787370744,2,7.544545933792256,4,7,9,6,1.374350811915788,5,1,4,33.61
16.0,2.253587323326626,4,6.180745191370552,2,9,10,3,1.611812548649441,4,3,5,33.63
2.276228224616195,4.889707391114245,7,5.801504774835411,3,9,7,7,1.8578287576283903,4,4,5,33.67
3.4038964902738167,5.909151823870394,7,10.540533860085553,3,9,9,7,1.7037962997273568,7,1,3,33.69
8.05104102934734,4.687357489713483,7,4.694004135471861,4,9,8,3,2.780119535294744,5,2,5,33.73
10.83844060373298,7.647390905547491,5,6.90770274424169,4,7,10,9,3.815058924385619,5,1,4,33.73
11.766660872479921,7.2545229439842895,5,10.168938076546793,4,10,9,8,2.869520869325798,4,4,5,33.73
15.358592656543177,3.599167306035946,4,8.886093804298078,2,9,10,7,2.997690941073863,6,9,3,33.74
8.559504389027927,11.9854149996221,4,7.558948919112505,3,9,9,5,1.6898980994921273,1,6,3,33.77
6.951750941066461,14.194802647888805,5,6.526569738042821,1,10,10,6,1.6403826073981116,7,10,5,33.78
2.066096784167707,9.630768541527413,3,5.62650369261942,3,10,9,1,7.916181272332888,5,4,4,33.81
2.6318356187455034,2.60058069399465,6,6.876012771536498,3,9,10,6,5.631737486428841,7,6,5,33.86
11.213403917411918,6.718731055128827,5,5.872036774207519,4,8,8,9,3.9877683149137093,6,6,6,33.9
8.523880932193375,3.511267974899293,7,6.846282737947557,2,10,8,7,0.7367935275010019,5,6,6,33.99
9.47985541371006,10.091868176205693,6,5.810419507706323,2,10,8,7,8.307059345074643,7,6,5,34.04
4.556761283626429,3.903143549714994,8,6.116867395922721,1,10,10,7,1.666427872086102,5,5,4,34.04
10.176867679629796,7.982682584384441,7,6.115024818867905,2,6,7,10,2.0951653793233094,5,7,8,34.06
1.5014238588443605,3.4411176386899034,6,5.6754807328552035,3,8,10,8,5.516985219876393,6,7,4,34.12
4.881367953286209,11.420908542188648,3,3.832301732283336,4,9,9,6,0.08554844028989972,4,7,4,34.15
8.73116147556088,6.837055687438836,8,7.71967935506816,1,8,10,10,7.057206337068582,8,5,5,34.18
9.979730713972595,10.893720648076624,8,7.303986848144864,3,10,10,8,1.131788071801922,7,8,4,34.19
4.019650152868601,7.024824660665,7,5.3497849097746215,2,9,10,3,1.7915921721893633,7,5,3,34.21
10.222597890191713,12.822830946552177,7,6.378429719188177,4,8,7,7,0.5062186256439001,5,2,4,34.23
3.8557854049980023,8.546360272217497,8,8.138159722806131,3,9,10,6,1.959417454221223,6,3,5,34.26
8.859225789146198,5.463382794412661,4,5.509233955900608,2,7,9,7,1.2310680692936071,3,5,5,34.31
3.677713453771367,1.5470904955296463,2,7.982689511316741,3,10,10,9,1.6122760855406892,3,5,4,34.39
5.564057871668611,1.8659599870079926,8,8.17376749960323,3,10,10,8,1.9465902657673837,3,5,5,34.49
4.44713261316042,6.994713724885542,5,6.71831350029343,2,10,10,9,3.4804808435905996,3,8,4,34.51
13.946663401895607,9.954575943951959,5,7.248372216794437,3,10,10,10,2.5999412991011597,6,6,5,34.52
15.686168821596596,11.129328570535685,6,7.3276293356517375,3,9,10,3,2.982600616079699,4,6,4,34.54
5.482314424030098,13.40987738819381,5,6.970421314157391,2,10,10,7,0.3254367281138848,3,6,1,34.55
3.3933442560230827,10.037466083951275,6,5.423041579920865,1,7,9,10,4.965692721097347,6,5,7,34.56
9.188268334497401,8.573714208843487,4,6.086557805661908,4,9,10,8,1.8273157015927697,6,3,5,34.58
6.122581704859535,4.620055466765484,7,6.375371176644788,2,9,9,7,2.835791397223617,4,9,7,34.65
6.469728207469861,5.962000654725602,2,7.42826486325112,2,10,10,9,4.002946553164176,5,5,5,34.65
0.7104002224476207,6.378549093377109,7,5.393672478731876,3,8,9,8,0.3309157594988598,3,7,4,34.78
7.25119005072888,10.058058498069888,2,6.5092095015445,3,8,10,10,0.2228832642817062,10,4,1,34.79
2.6327156539872036,13.9600109722765,3,7.172893404615109,2,10,8,10,1.2849488952015105,7,5,5,34.93
3.3053166527682265,4.966966611636592,4,6.607501389391567,2,10,10,10,2.424589068133403,2,7,5,34.97
8.911475549870328,1.0,8,5.633069411679756,2,9,7,7,2.26585129633107,7,4,4,35.0
3.7443362011657717,1.4782225492827976,6,5.0379070537903745,3,9,10,5,12.711577193341515,3,7,5,35.0
12.072302873241398,3.7021851542900426,2,6.381263316390441,3,9,10,8,0.5656753828321764,5,6,6,35.01
1.8986352256557866,5.538766243124281,2,7.293985829029097,2,10,9,10,6.790870246454967,3,2,5,35.02
3.8667694677022397,5.831275134632866,3,9.54901607947687,2,10,9,5,3.4530688324125474,7,3,4,35.02
2.99551145599723,6.649602830092,6,8.709835216922832,3,8,10,8,5.935991309601666,6,4,6,35.07
14.395539176831301,2.9767945308751202,6,7.754431066192191,4,9,10,8,2.4241810892201667,2,5,5,35.09
10.515574267826667,8.17467559754536,5,8.256487033073219,2,10,10,8,1.1722149521210834,6,3,2,35.11
4.5369659126891895,4.425579217769205,3,7.368959879930302,2,10,10,6,0.4974925956869517,2,6,1,35.2
7.999392119916308,11.079580204222491,6,6.452985090220489,3,9,9,9,2.9333087252067664,4,3,4,35.24
3.63287252410907,5.805966731213209,6,3.273283923067992,3,9,4,7,2.0690235848392162,4,1,4,35.44
6.073412142390616,2.576840768510888,2,4.974782542964514,3,9,9,8,1.8315831965444735,6,7,3,35.51
15.994979434668856,7.605131147019789,8,8.881660015372578,1,9,9,5,1.1398035611739188,3,5,1,35.54
4.1127429239004005,8.782602975989896,6,4.68938215996476,3,8,9,2,5.983153089142001,4,1,8,35.54
2.106044381191836,4.74919333623296,5,7.65336874829341,3,8,8,9,1.7630818995661592,6,4,4,35.56
8.876486838626434,3.366568260384903,3,6.348111736283345,1,9,9,8,1.4726414194304434,3,1,6,35.6
3.797724225347431,4.225218265260546,6,6.922389521031974,1,9,10,8,0.6105758547486124,5,9,4,35.73
3.629017460471124,3.945793447160359,4,4.627664863846789,4,10,10,9,5.257206474811238,4,4,6,35.79
4.00728806806633,4.170806754585211,2,6.634174719446451,3,9,10,8,6.634813704583939,6,2,5,35.8
3.339867192653172,3.848682923490492,8,3.861924748183367,4,9,7,9,2.2773995045510547,5,4,3,35.83
6.217888886915944,10.831852945140334,8,5.645104359894739,1,9,8,2,2.3897255078612396,7,3,5,35.85
3.0273078030186777,9.63539870857629,3,6.585823094167572,3,8,10,9,6.353275317134768,7,2,5,35.85
9.781482627766481,5.463875024699702,8,7.212353397641354,1,10,9,8,6.579301743879204,6,5,6,35.88
7.577519096293816,4.943647120004689,8,8.064714982057886,1,9,8,9,3.7460235006273392,7,7,4,36.02
1.2284672340345273,14.191018088406613,8,6.208458202171403,4,8,8,9,0.382849478815023,5,6,3,36.19
11.413005534829317,7.688716345502421,6,8.141954414810463,2,8,7,9,4.697186929207802,5,4,6,36.23
5.73833695765903,6.783614065506546,5,5.159044204291199,3,10,8,7,1.166909117373451,5,5,3,36.23
6.183860153866361,6.014859911566031,2,5.246898325760818,4,9,10,7,4.088866500862944,4,4,6,36.26
9.641012451765782,2.456403846151688,4,4.130121849293445,3,9,10,9,8.15352078461554,7,8,3,36.46
7.226484806801755,8.225206180198764,7,6.41738455218188,2,10,8,6,1.6111538526812927,6,2,7,36.49
10.371457787069764,5.39299312815383,5,8.567907766621952,1,9,9,7,2.0899250024167646,7,7,5,36.53
9.724905310395055,4.9629965051264655,5,7.216384372516225,2,10,10,7,1.4482227104189058,3,3,8,36.55
5.672319161875149,5.566666629734367,3,5.533037403423003,3,9,10,6,2.726389295765179,6,2,6,36.6
4.431365177353033,4.491218508054915,2,6.635831111187162,3,9,6,10,1.223509044971466,7,1,8,36.67
5.272346652364467,3.508102816634047,2,4.3541814867076285,3,10,10,5,5.2971346416472365,7,5,3,36.68
1.9790909802146142,5.070710725187906,3,5.57305372104053,3,10,8,9,2.3182278812907735,2,3,6,36.79
11.701989003728897,5.300710665184042,7,8.271501716949109,3,10,10,7,1.5550826219463114,6,2,5,36.92
12.093796351248436,4.326048725055983,5,6.829488366577779,4,10,9,9,0.870505091814335,4,3,7,37.06
11.026921247111304,4.67386310690682,2,7.219978632046222,4,10,10,8,2.8462822889786805,6,1,6,37.09
4.4002195188146676,3.2906812740983593,6,5.682311801250109,1,10,9,8,2.236255834567036,4,4,5,37.1
10.729766425716818,1.4681126870305452,8,7.597341802330314,2,10,10,9,1.253977907439918,6,7,4,37.14
6.801637301995016,11.938407149975351,4,5.070137296511669,3,10,7,10,4.420478222756939,6,7,3,37.16
9.383810992554096,7.195793658782357,6,7.539962987788734,3,10,10,6,1.5923179827928218,3,4,5,37.34
9.263206174447593,4.333612500299131,4,4.314423519908122,4,9,9,3,6.7836785033814495,3,3,6,37.38
6.079054768148536,5.340535136560057,2,5.219313868247235,3,10,10,5,1.8645267561996288,1,8,6,37.48
0.5,14.057913927597653,7,7.742007468418343,2,10,10,8,2.4667949709100547,1,2,4,37.51
9.001751041153609,5.874668330028987,4,5.718659907295809,2,9,10,8,4.006546309993026,6,5,5,37.52
13.024304878165442,10.379439543842519,6,6.2416650880726605,3,9,6,10,0.298865829858417,9,3,3,37.58
4.279893936185218,3.0524036997916832,7,7.682364310332703,3,10,10,10,0.14002640250629003,4,1,6,37.62
6.5866365436925065,1.0184168189900027,6,5.889724232638146,3,9,10,9,1.3290787438243707,3,7,7,37.64
1.5916416242083031,7.437938775026902,4,5.065709926070451,1,9,10,4,1.6943827076411018,3,2,7,37.66
11.90224355445082,2.289730954607179,8,7.819486640850919,3,9,10,9,3.159359366940529,3,7,6,37.69
3.7313895159219985,6.465796640364445,3,6.965472683571404,3,8,9,10,5.488564362922272,3,1,9,37.76
9.517135079716368,5.511228411372033,3,5.409332269451984,3,10,10,4,2.3558996880917187,6,4,5,37.78
6.311185161476688,6.48572916678801,7,9.323488246697025,3,10,10,10,1.3979231245462738,5,4,7,37.86
7.605486479164794,2.8849775226281267,7,6.944185727805485,2,9,10,7,6.448950488282335,3,4,3,37.91
6.30484600641226,2.0532681322774593,7,6.537839906305485,2,10,10,8,1.650348122211049,3,8,4,38.26
2.7781116601062985,1.6307754892709512,2,9.46409052479325,3,10,7,10,1.3968092774339116,5,1,6,38.3
5.588863469203087,9.511364261090376,8,4.385038231870304,2,8,9,9,3.224521097315705,8,1,5,38.33
5.558534707164548,7.928591734269413,4,4.157790302265944,3,9,10,5,1.4396054153606819,4,3,3,38.38
5.530339086979159,16.0,4,6.343275039393602,3,9,7,9,1.8971863201233758,1,1,3,38.69
2.2449761867429494,7.9182952843219825,5,5.133108649094926,1,9,10,1,2.5858183627979634,3,2,7,38.72
4.871983187361316,3.8775070845533515,3,5.222581518711607,4,10,10,7,2.1891508048249193,3,6,4,38.72
10.906696350510197,5.2161075525491105,3,5.866426891587549,2,9,10,9,1.8980653126862144,8,3,5,38.89
6.3811819208899445,9.726647337079445,6,6.70636836887327,1,9,8,10,1.313306024159262,3,7,4,38.9
5.021941190108827,11.826822216733339,4,3.486633883947632,1,10,10,7,1.1549752246660314,7,5,8,38.92
3.5799811762178404,5.989409826467032,8,5.340472335205902,3,9,10,4,1.858715741429026,5,5,5,39.01
7.116370193862894,9.000932228840696,2,5.823868326960774,3,9,9,6,0.6168185059085737,3,5,4,39.07
5.756716965862585,5.220492692497159,3,6.420759246980392,2,10,10,10,1.597530283233959,6,4,3,39.16
5.756904570291997,7.603090655769009,6,8.181716698296086,2,10,8,9,0.96902984546338,6,5,5,39.16
8.998092500600167,6.688113118415735,2,7.899683694587505,3,10,10,10,1.9730190579705276,3,8,7,39.17
5.60766148356635,8.020230334849929,8,5.2561584707449205,1,9,10,6,2.715630168745185,5,9,6,39.2
4.9837100940383205,1.807362396609736,3,5.204068590687013,1,9,10,4,1.4241492808964242,4,4,1,39.23
5.057606114595515,4.774831784015757,4,5.586195449882043,3,10,10,10,3.7060159519431397,5,7,5,39.24
6.835748085291762,1.5475362799280972,3,5.44387400830139,4,10,10,6,4.064352338762941,3,10,4,39.25
8.048753660699004,5.08600929012689,8,6.981896812313325,2,10,10,8,2.2993663191766296,5,4,7,39.27
8.884071968412814,4.278720229585616,3,5.483190294999089,4,10,7,7,2.260118418028652,3,1,5,39.32
16.0,2.787244835559884,7,6.7332706654754455,3,9,7,9,3.2837371794330417,2,3,6,39.45
3.8798733687431834,3.196754579754794,6,4.401006571212216,1,10,10,8,4.039585934272752,8,4,5,39.58
16.0,4.178163785882219,2,4.981436935640289,2,9,10,1,4.179826305007323,4,2,5,39.63
9.454456529848866,3.8932500967645876,4,5.5241646362828,2,10,10,10,2.210870984690367,5,5,4,39.78
1.9430436238269704,4.677586213271244,4,5.94978895349621,1,9,9,6,1.6853182582163777,5,6,6,39.81
11.053203467713903,6.861685674218143,6,5.768389649058906,4,10,10,7,1.765377855818738,6,6,3,40.0
8.951237079729905,11.214165629443347,2,3.9294872425232255,3,10,10,10,0.8624325327413283,8,6,5,40.03
1.0276229401131498,11.35792807265936,3,7.423000228362044,3,10,10,10,1.160156507195109,6,1,2,40.12
10.338465056865454,1.0,8,9.247954343470695,3,10,10,8,5.604362385708166,3,1,2,40.13
12.14102142459934,10.62843304936557,7,8.425086544930323,3,10,10,10,0.4959222933235298,5,4,3,40.2
4.457153471418957,8.518167265557027,8,5.898860550226819,2,10,9,9,2.965955207282296,6,8,3,40.33
3.8867697289710046,12.685770308946996,8,6.9100639015600205,3,10,10,10,3.4444623850691363,6,5,3,40.64
3.8189745654324097,13.657977849528544,8,7.743047296460857,3,10,10,8,3.0229290555370474,4,1,3,40.66
8.261904607310111,3.145178290725925,3,5.584680341518192,3,10,10,8,0.33958576734252155,5,3,5,40.69
9.873900944865818,7.114326691714562,2,6.881485900632064,4,10,10,8,1.1768552551999216,8,1,3,40.77
13.044261741502709,6.940534657323754,4,5.517241228429281,2,10,8,9,5.394197298030202,5,6,1,40.79
4.630935988862519,3.982830964858603,2,5.787031324911848,3,9,9,4,5.369894678375876,2,2,6,40.83
2.560424488034376,4.408779241884973,8,9.491671791875955,2,10,10,10,2.8384614077602635,3,3,1,40.83
5.089341979058182,4.3349181701243875,7,3.4605010888478303,4,10,10,6,1.5667385109551542,3,1,5,40.88
5.494888538050834,3.5964222958734164,8,7.828818127618065,1,10,10,10,1.5769611961567902,3,4,2,40.97
2.327432637412209,16.0,2,5.174878376362779,2,9,8,9,2.707877717444705,5,6,5,40.98
1.7821283290052041,5.421367984078204,2,5.016188224952451,3,10,8,10,1.8226667188403247,7,2,4,41.13
5.109882551419038,9.513144844457841,7,3.42804536524675,2,10,6,10,0.7060135027461841,4,8,7,41.29
5.040605631582649,5.782195587666297,8,5.201512346872914,2,10,10,7,6.980014474977608,6,6,6,41.66
1.2121439061129067,4.8834199021012905,5,4.484188886560767,4,10,9,10,0.37604339958413596,6,3,3,41.81
8.09820074783833,3.8104581598318266,4,4.768017019012213,1,9,10,5,1.9889662311360976,7,5,3,41.85
3.949806981569165,16.0,5,5.630592927766812,3,9,10,7,3.7364915616963517,7,3,4,41.91
1.7992624023547468,15.397457973332926,8,4.463948380125398,2,8,10,10,2.604408838789515,5,3,3,42.1
2.031902913155734,3.911292803138968,5,5.264659862601502,1,9,10,5,0.6645887201467974,7,5,5,42.12
6.905542953735204,5.143064184290559,7,7.090937750597187,1,10,9,10,2.7040545870349177,5,1,3,42.34
6.808284692304874,6.457805394965488,4,8.754627965090451,1,9,9,10,3.181910451237317,6,1,4,43.0
1.804760856062097,2.5986053818207484,5,5.955859390897295,1,9,6,10,0.715933183383359,5,4,5,43.04
3.722762228043144,3.772466796741036,2,5.665083898754293,3,10,10,9,1.448801028633878,4,6,5,43.3
8.391977748455258,5.807474740838883,3,10.023665942322728,3,10,10,9,0.6266904129322106,7,1,2,43.41
11.19813124113124,4.773483913172873,2,5.395059548236911,3,10,10,10,4.665693414109283,8,5,3,43.83
8.913753538844878,4.549356809823108,8,3.8487604655503946,3,9,10,8,3.447777956297696,3,8,5,43.97
1.876621318198795,8.978110165059057,5,3.0,1,10,10,6,1.210229997215855,4,1,3,44.42
14.517770045844728,16.0,8,5.092660709095741,4,9,7,10,4.022182244322546,3,4,4,44.75
6.060194791059677,6.640615418896976,8,5.878131884093209,4,10,10,7,1.9815955088574972,5,1,5,44.94
8.194032863305566,6.345804895134032,3,4.473071105039237,1,10,10,9,4.925561033215558,4,4,3,45.28
5.54432045713148,16.0,4,3.02922205993387,2,9,10,10,1.7321691061670903,6,5,5,45.75
6.476394481348845,7.797986908685434,3,5.035678584057829,1,10,10,7,1.8638795675525155,3,3,8,46.41
5.534518446486268,10.178246711346755,7,5.326863168112375,3,10,9,4,0.4658672257451549,3,2,3,47.99
6.854005766728201,16.0,3,4.462309835013833,4,10,10,8,1.6500013541302152,8,1,5,48.47
11.174534872636418,6.692738881998381,5,5.5736135214255675,3,10,9,7,3.2856376714438773,2,1,5,49.91
